,Index,pressure,density,temperature,soundspeed,Mach,Z,g,A,x
0,0,0.9761923847695392,0.9598386768313208,0.9982742190154056,1.0671588725291699,0.28342360718774223,0.610177719857043,0.5081078385448612,2.5114806666666665,0.007534442
1,1,0.9761923847695392,0.9598386768313208,0.9982742190154056,1.0671588725291699,0.28342360718774223,0.610177719857043,0.5081078385448612,2.4388693333333333,0.007316608
2,2,0.9742084168336672,0.9565652656432292,0.998131436343151,1.0689508099660243,0.2947555147103706,0.6111088427735053,0.5096568821879932,2.367751,0.007103253
3,3,0.9722244488977956,0.9533028031315764,0.9979888039909948,1.0707402098351677,0.3056339644007227,0.612038906550463,0.5112050773424711,2.298156,0.006894468
4,4,0.9702404809619238,0.9500512190541669,0.9978463201585855,1.072527070788191,0.3161062060372794,0.6129679148915579,0.512752338327598,2.2301133333333336,0.00669034
5,5,0.968256513026052,0.9468104437576592,0.9977039830518111,1.0743113917481046,0.32621177654462535,0.6138958715071299,0.5142985822709009,2.1636509999999998,0.006490953
6,6,0.9662725450901803,0.943580408172928,0.9975617908827612,1.0760931719006142,0.3359841613151456,0.6148227801132833,0.5158437290334374,2.098797333333333,0.006296392
7,7,0.9642885771543084,0.9403610438102576,0.9974197418697066,1.0778724106859074,0.34545202149201404,0.6157486444310915,0.5173877011372898,2.0355796666666666,0.006106739
8,8,0.9603206412825652,0.9339540576616501,0.9971360662152918,1.0814232631382292,0.3635700212974343,0.6175972551054754,0.5204718243365113,1.9740239999999998,0.005922072
9,9,0.9583366733466934,0.9307663017514747,0.9969944360409885,1.0831948768847501,0.3722606588024502,0.6185200089213869,0.5220118331491495,1.9141563333333333,0.005742469
10,10,0.9563527054108216,0.9275889488055052,0.9968529419567062,1.0849639494076435,0.380728752242163,0.6194417333660709,0.5235503826037274,1.8560023333333333,0.005568007
11,11,0.9523847695390782,0.9212651897063119,0.9965703550582651,1.0884944733643058,0.3970551683230152,0.6212821090768343,0.5266228448731238,1.7995853333333334,0.005398756
12,12,0.9484168336673346,0.914982261648983,0.9962882915789598,1.0920148422131895,0.41265050295530675,0.6231184121070924,0.5296887162382657,1.7449299999999999,0.00523479
13,13,0.9444488977955912,0.9087396545887684,0.9960067376708379,1.0955250662735057,0.4275970612754333,0.624950672310425,0.5327475360101495,1.6920586666666666,0.005076176
14,14,0.9404809619238476,0.9025368670017556,0.9957256795772743,1.099025158769572,0.4419628630160632,0.6267789195050619,0.5357988758687181,1.6409936666666667,0.004922981
15,15,0.9365130260521042,0.896373405736123,0.9954451036311349,1.10251513563272,0.4558049136111269,0.6286031834557673,0.5388423381039749,1.5917563333333333,0.004775269
16,16,0.9325450901803608,0.8902487858643842,0.9951649962528452,1.105995015313612,0.4691715689531291,0.6304234938570714,0.5418775539428262,1.5443673333333334,0.004633102
17,17,0.9265931863727456,0.881133642734268,0.9947456842548064,1.1111959487001015,0.48841931078955153,0.6331466112962765,0.5464141759392858,1.4988466666666667,0.00449654
18,18,0.9206412825651302,0.8721032456317456,0.9943273509997967,1.1163742898937339,0.5068067937619503,0.6358609993401769,0.5509304365365748,1.4552133333333332,0.00436564
19,19,0.9146893787575152,0.8631560575695483,0.993909951700945,1.1215301278889793,0.5244301782215286,0.6385667568808624,0.5554254109591812,1.4134856666666669,0.004240457
20,20,0.9087374749498998,0.8542905795562947,0.9934934419597885,1.1266635604017787,0.5413694478096014,0.6412639821224813,0.559898284517963,1.373681,0.004121043
21,21,0.9008016032064128,0.8425945249203546,0.9929394033478369,1.133473467327984,0.5630060158420763,0.6448471782784746,0.5658265164476839,1.3358163333333333,0.004007449
22,22,0.8928657314629259,0.8310377707795941,0.9923867645417245,1.140243998765961,0.5836783480344798,0.6484156076934711,0.571712759011175,1.2999073333333333,0.003899722
23,23,0.8849298597194389,0.8196170596414548,0.991835423174192,1.1469754409210706,0.6034960380833437,0.6519694961816576,0.5775558307479887,1.2659686666666667,0.003797906
24,24,0.876993987975952,0.8083292391606949,0.9912852778262982,1.1536680947769178,0.6225505886902292,0.6555090665283705,0.5833547796414246,1.2340153333333332,0.003702046
25,25,0.8670741482965931,0.7944017020826263,0.9905991249290922,1.1619798437516269,0.6454124173645104,0.6599137288249965,0.5905402940234593,1.2040603333333333,0.003612181
26,26,0.8571543086172344,0.780671299778743,0.989914489036052,1.1702321071363218,0.6673291313585589,0.6642967836009723,0.5976546329075703,1.1761163333333333,0.003528349
27,27,0.8452505010020039,0.7644472777612401,0.9890946566386122,1.1800572153930613,0.6925299558344232,0.6695285088991068,0.6060969205354172,1.1501949999999999,0.003450585
28,28,0.8353306613226453,0.7511314436161278,0.988412680364012,1.1881809062390822,0.7127184259580942,0.673865470497881,0.6130526397065637,1.126307,0.003378921
29,29,0.8234268537074148,0.735389894217099,0.9875954847230137,1.1978536512108644,0.7360816750630013,0.6790430437126087,0.6213039692450693,1.1044626666666666,0.003313388
30,30,0.8095390781563127,0.7173416025271719,0.9866432968950836,1.209035622492148,0.7622865361223912,0.6850474610677955,0.6307991982201522,1.084671,0.003254013
31,31,0.7956513026052104,0.6996225059858396,0.9856919144649824,1.2201085095197899,0.7874977888969613,0.6910139960377133,0.640154033749726,1.0669403333333334,0.003200821
32,32,0.7817635270541081,0.6822206071827773,0.984740818005923,1.2310741019102187,0.8118397055579533,0.6969436453744526,0.6493700488411747,1.051278,0.003153834
33,33,0.7658917835671343,0.6627065508124211,0.9836535320855001,1.2434770716200954,0.8387298807534993,0.7036764596639546,0.6597351779421912,1.0376906666666668,0.003113072
34,34,0.7500200400801603,0.6435758618711767,0.9825651552013311,1.2557447279585507,0.8647580672085063,0.7103637538338472,0.6699249164861809,1.0261843333333334,0.003078553
35,35,0.7341482965931864,0.6248133656215112,0.9814748944665226,1.2678795185530813,0.8900403876942246,0.7170068764248396,0.6799429416899361,1.0167633333333335,0.00305029
36,36,0.7162925851703407,0.6041278460084314,0.9802450955717199,1.2813752588239675,0.9177165095932359,0.724429212514119,0.6910127906173356,1.0094316666666665,0.003028295
37,37,0.698436873747495,0.5838709672028574,0.9790107197695165,1.2947089834988597,0.9447012136839728,0.7317990872310813,0.7018758607406285,1.0041926666666667,0.003012578
38,38,0.6785971943887775,0.5618440943288285,0.9776323547403001,1.3093378521789454,0.9740064940394014,0.73992841387649,0.7137103176436048,1.0010483333333333,0.003003145
39,39,0.6587575150300602,0.5403008352186884,0.9762451339668247,1.3237742360132116,1.002726746524447,0.7479974082883247,0.7253041729299687,1.0,0.003
40,40,0.6587575150300602,0.5403008352186884,0.9762451339668247,1.3237742360132116,1.002726746524447,0.7479974082883247,0.7253041729299687,1.0,0.003
41,41,0.6587575150300602,0.5403008352186884,0.9762451339668247,1.3237742360132116,1.002726746524447,0.7479974082883247,0.7253041729299687,1.0000099999999998,0.00300003
42,42,0.6587575150300602,0.5403008352186884,0.9762451339668247,1.3237742360132116,1.002726746524447,0.7479974082883247,0.7253041729299687,1.0000099999999998,0.00300003
43,43,0.6587575150300602,0.5403008352186884,0.9762451339668247,1.3237742360132116,1.002726746524447,0.7479974082883247,0.7253041729299687,1.0000200000000001,0.00300006
44,44,0.6567735470941884,0.5381722568427556,0.9761058565609172,1.3252074270387588,1.005571274802789,0.7488010755866799,0.7264506153161747,1.0000399999999998,0.00300012
45,45,0.6567735470941884,0.5381722568427556,0.9761058565609172,1.3252074270387588,1.005571274802789,0.7488010755866799,0.7264506153161747,1.0000499999999999,0.00300015
46,46,0.6567735470941884,0.5381722568427556,0.9761058565609172,1.3252074270387588,1.005571274802789,0.7488010755866799,0.7264506153161747,1.00007,0.00300021
47,47,0.6547895791583167,0.5360482745207144,0.9759664709082251,1.3266387323834747,1.008411261756732,0.749604164014946,0.7275947339917301,1.0000900000000001,0.00300027
48,48,0.6547895791583167,0.5360482745207144,0.9759664709082251,1.3266387323834747,1.008411261756732,0.749604164014946,0.7275947339917301,1.0001099999999998,0.00300033
49,49,0.6528056112224448,0.5339288673664204,0.9758269751594137,1.3280681554129363,1.0112468182447945,0.750406675749498,0.7287365362652325,1.00014,0.00300042
50,50,0.6528056112224448,0.5339288673664204,0.9758269751594137,1.3280681554129363,1.0112468182447945,0.750406675749498,0.7287365362652325,1.00017,0.00300051
51,51,0.6528056112224448,0.5339288673664204,0.9758269751594137,1.3280681554129363,1.0112468182447945,0.750406675749498,0.7287365362652325,1.0002,0.0030006
52,52,0.6508216432865731,0.5318140146266965,0.9756873674554914,1.3294956994637157,1.0140780540758416,0.7512086129603054,0.7298760294167286,1.00023,0.00300069
53,53,0.6508216432865731,0.5318140146266965,0.9756873674554914,1.3294956994637157,1.0140780540758416,0.7512086129603054,0.7298760294167286,1.00027,0.00300081
54,54,0.6508216432865731,0.5318140146266965,0.9756873674554914,1.3294956994637157,1.0140780540758416,0.7512086129603054,0.7298760294167286,1.00031,0.00300093
55,55,0.6488376753507014,0.5297036956801835,0.9755476459276393,1.3309213678433554,1.0169050780367614,0.7520099778110219,0.7310132206972861,1.0003499999999999,0.00300105
56,56,0.6488376753507014,0.5297036956801835,0.9755476459276393,1.3309213678433554,1.0169050780367614,0.7520099778110219,0.7310132206972861,1.00039,0.00300117
57,57,0.6488376753507014,0.5297036956801835,0.9755476459276393,1.3309213678433554,1.0169050780367614,0.7520099778110219,0.7310132206972861,1.00044,0.00300132
58,58,0.6468537074148296,0.5275978900361898,0.9754078086970402,1.3323451638303743,1.0197279979180045,0.7528107724590904,0.7321481173286211,1.0004899999999999,0.00300147
59,59,0.6468537074148296,0.5275978900361898,0.9754078086970402,1.3323451638303743,1.0197279979180045,0.7528107724590904,0.7321481173286211,1.00054,0.00300162
60,60,0.6468537074148296,0.5275978900361898,0.9754078086970402,1.3323451638303743,1.0197279979180045,0.7528107724590904,0.7321481173286211,1.0005899999999999,0.00300177
61,61,0.6448697394789579,0.5254965773335866,0.9752678538746872,1.3337670906742123,1.0225469205414996,0.7536109990558213,0.7332807265027128,1.00064,0.00300192
62,62,0.6448697394789579,0.5254965773335866,0.9752678538746872,1.3337670906742123,1.0225469205414996,0.7536109990558213,0.7332807265027128,1.0007000000000001,0.0030021
63,63,0.6448697394789579,0.5254965773335866,0.9752678538746872,1.3337670906742123,1.0225469205414996,0.7536109990558213,0.7332807265027128,1.0007599999999999,0.00300228
64,64,0.6428857715430861,0.5233997373396723,0.9751277795612158,1.3351871515952372,1.0253619517848174,0.754410659746497,0.7344110553814645,1.00082,0.00300246
65,65,0.6428857715430861,0.5233997373396723,0.9751277795612158,1.3351871515952372,1.0253619517848174,0.754410659746497,0.7344110553814645,1.00088,0.00300264
66,66,0.6428857715430861,0.5233997373396723,0.9751277795612158,1.3351871515952372,1.0253619517848174,0.754410659746497,0.7344110553814645,1.00095,0.00300285
67,67,0.6409018036072144,0.5213073499490752,0.9749875838467182,1.3366053497847339,1.028173196606541,0.7552097566704679,0.73553911109641,1.00101,0.00300303
68,68,0.6409018036072144,0.5213073499490752,0.9749875838467182,1.3366053497847339,1.028173196606541,0.7552097566704679,0.73553911109641,1.00108,0.00300324
69,69,0.6409018036072144,0.5213073499490752,0.9749875838467182,1.3366053497847339,1.028173196606541,0.7552097566704679,0.73553911109641,1.00115,0.00300345
70,70,0.6389178356713426,0.5192193951826625,0.9748472648105568,1.3380216884048672,1.0309807590713407,0.7560082919612396,0.7366649007483937,1.00122,0.00300366
71,71,0.6389178356713426,0.5192193951826625,0.9748472648105568,1.3380216884048672,1.0309807590713407,0.7560082919612396,0.7366649007483937,1.0012999999999999,0.0030039
72,72,0.6389178356713426,0.5192193951826625,0.9748472648105568,1.3380216884048672,1.0309807590713407,0.7560082919612396,0.7366649007483937,1.0013699999999999,0.00300411
73,73,0.6369338677354709,0.517135853186452,0.9747068205211805,1.3394361705886795,1.0337847423733548,0.7568062677465724,0.7377884314073146,1.00145,0.00300435
74,74,0.6369338677354709,0.517135853186452,0.9747068205211805,1.3394361705886795,1.0337847423733548,0.7568062677465724,0.7377884314073146,1.00153,0.00300459
75,75,0.6369338677354709,0.517135853186452,0.9747068205211805,1.3394361705886795,1.0337847423733548,0.7568062677465724,0.7377884314073146,1.00161,0.00300483
76,76,0.6369338677354709,0.517135853186452,0.9747068205211805,1.3394361705886795,1.0337847423733548,0.7568062677465724,0.7377884314073146,1.00169,0.00300507
77,77,0.6349498997995991,0.5150567042305506,0.9745662490359288,1.3408487994400484,1.0365852488602225,0.7576036861485682,0.7389097101118598,1.00177,0.00300531
78,78,0.6349498997995991,0.5150567042305506,0.9745662490359288,1.3408487994400484,1.0365852488602225,0.7576036861485682,0.7389097101118598,1.00186,0.00300558
79,79,0.6349498997995991,0.5150567042305506,0.9745662490359288,1.3408487994400484,1.0365852488602225,0.7576036861485682,0.7389097101118598,1.00194,0.00300582
80,80,0.6329659318637274,0.5129819287080735,0.9744255484008556,1.3422595780337243,1.0393823800556854,0.7584005492837844,0.7400287438693152,1.00203,0.00300609
81,81,0.6329659318637274,0.5129819287080735,0.9744255484008556,1.3422595780337243,1.0393823800556854,0.7584005492837844,0.7400287438693152,1.00211,0.00300633
82,82,0.6329659318637274,0.5129819287080735,0.9744255484008556,1.3422595780337243,1.0393823800556854,0.7584005492837844,0.7400287438693152,1.0022,0.0030066
83,83,0.6309819639278557,0.5109115071341204,0.9742847166505129,1.3436685094152279,1.0421762366833203,0.7591968592632982,0.7411455396552962,1.00229,0.00300687
84,84,0.6309819639278557,0.5109115071341204,0.9742847166505129,1.3436685094152279,1.0421762366833203,0.7591968592632982,0.7411455396552962,1.00238,0.00300714
85,85,0.6309819639278557,0.5109115071341204,0.9742847166505129,1.3436685094152279,1.0421762366833203,0.7591968592632982,0.7411455396552962,1.00247,0.00300741
86,86,0.6309819639278557,0.5109115071341204,0.9742847166505129,1.3436685094152279,1.0421762366833203,0.7591968592632982,0.7411455396552962,1.00257,0.00300771
87,87,0.6289979959919839,0.5088454201447128,0.9741437518077739,1.3450755966009016,1.0449669186875836,0.7599926181928279,0.7422601044136112,1.0026599999999999,0.00300798
88,88,0.6289979959919839,0.5088454201447128,0.9741437518077739,1.3450755966009016,1.0449669186875836,0.7599926181928279,0.7422601044136112,1.00275,0.00300825
89,89,0.6289979959919839,0.5088454201447128,0.9741437518077739,1.3450755966009016,1.0449669186875836,0.7599926181928279,0.7422601044136112,1.00285,0.00300855
90,90,0.6270140280561123,0.5067836484957752,0.9740026518836236,1.346480842577855,1.047754525256595,0.7607878281728155,0.7433724450560689,1.00295,0.00300885
91,91,0.6270140280561123,0.5067836484957752,0.9740026518836236,1.346480842577855,1.047754525256595,0.7607878281728155,0.7433724450560689,1.00304,0.00300912
92,92,0.6270140280561123,0.5067836484957752,0.9740026518836236,1.346480842577855,1.047754525256595,0.7607878281728155,0.7433724450560689,1.00314,0.00300942
93,93,0.6270140280561123,0.5067836484957752,0.9740026518836236,1.346480842577855,1.047754525256595,0.7607878281728155,0.7433724450560689,1.00324,0.00300972
94,94,0.6250300601202405,0.5047261730621143,0.9738614148769595,1.3478842503039472,1.0505391548430212,0.7615824912985217,0.7444825684623304,1.00333,0.00300999
95,95,0.6250300601202405,0.5047261730621143,0.9738614148769595,1.3478842503039472,1.0505391548430212,0.7615824912985217,0.7444825684623304,1.00343,0.00301029
96,96,0.6250300601202405,0.5047261730621143,0.9738614148769595,1.3478842503039472,1.0505391548430212,0.7615824912985217,0.7444825684623304,1.00353,0.00301059
97,97,0.6250300601202405,0.5047261730621143,0.9738614148769595,1.3478842503039472,1.0505391548430212,0.7615824912985217,0.7444825684623304,1.00363,0.00301089
98,98,0.6230460921843688,0.5026729748364136,0.9737200387743842,1.349285822707753,1.053320905185827,0.7623766096601181,0.7455904814797594,1.00373,0.00301119
99,99,0.6230460921843688,0.5026729748364136,0.9737200387743842,1.349285822707753,1.053320905185827,0.7623766096601181,0.7455904814797594,1.00383,0.00301149
100,100,0.6230460921843688,0.5026729748364136,0.9737200387743842,1.349285822707753,1.053320905185827,0.7623766096601181,0.7455904814797594,1.00393,0.00301179
101,101,0.6230460921843688,0.5026729748364136,0.9737200387743842,1.349285822707753,1.053320905185827,0.7623766096601181,0.7455904814797594,1.00403,0.00301209
102,102,0.621062124248497,0.500624034928218,0.9735785215500065,1.3506855626885783,1.0560998733299278,0.7631701853427962,0.7466961909233488,1.00412,0.00301236
103,103,0.621062124248497,0.500624034928218,0.9735785215500065,1.3506855626885783,1.0560998733299278,0.7631701853427962,0.7466961909233488,1.00422,0.00301266
104,104,0.621062124248497,0.500624034928218,0.9735785215500065,1.3506855626885783,1.0560998733299278,0.7631701853427962,0.7466961909233488,1.0043199999999999,0.00301296
105,105,0.621062124248497,0.500624034928218,0.9735785215500065,1.3506855626885783,1.0560998733299278,0.7631701853427962,0.7466961909233488,1.0044199999999999,0.00301326
106,106,0.621062124248497,0.500624034928218,0.9735785215500065,1.3506855626885783,1.0560998733299278,0.7631701853427962,0.7466961909233488,1.00452,0.00301356
107,107,0.6190781563126253,0.49857933456297077,0.9734368611652179,1.3520834731163631,1.0588761556478743,0.7639632204268361,0.7477997035755501,1.00462,0.00301386
108,108,0.6190781563126253,0.49857933456297077,0.9734368611652179,1.3520834731163631,1.0588761556478743,0.7639632204268361,0.7477997035755501,1.00471,0.00301413
109,109,0.6190781563126253,0.49857933456297077,0.9734368611652179,1.3520834731163631,1.0588761556478743,0.7639632204268361,0.7477997035755501,1.00481,0.00301443
110,110,0.6190781563126253,0.49857933456297077,0.9734368611652179,1.3520834731163631,1.0588761556478743,0.7639632204268361,0.7477997035755501,1.00491,0.00301473
111,111,0.6170941883767536,0.49653885508100976,0.9732950555684924,1.3534795568317262,1.061649847858842,0.7647557169877275,0.7489010261862582,1.005,0.003015
112,112,0.6170941883767536,0.49653885508100976,0.9732950555684924,1.3534795568317262,1.061649847858842,0.7647557169877275,0.7489010261862582,1.0050999999999999,0.0030153
113,113,0.6170941883767536,0.49653885508100976,0.9732950555684924,1.3534795568317262,1.061649847858842,0.7647557169877275,0.7489010261862582,1.00519,0.00301557
114,114,0.6170941883767536,0.49653885508100976,0.9732950555684924,1.3534795568317262,1.061649847858842,0.7647557169877275,0.7489010261862582,1.00528,0.00301584
115,115,0.6170941883767536,0.49653885508100976,0.9732950555684924,1.3534795568317262,1.061649847858842,0.7647557169877275,0.7489010261862582,1.00538,0.00301614
116,116,0.6151102204408817,0.49450257793660835,0.9731531026951634,1.3548738166458931,1.064421045048809,0.7655476770962499,0.7500001654727011,1.00547,0.00301641
117,117,0.6151102204408817,0.49450257793660835,0.9731531026951634,1.3548738166458931,1.064421045048809,0.7655476770962499,0.7500001654727011,1.00556,0.00301668
118,118,0.6151102204408817,0.49450257793660835,0.9731531026951634,1.3548738166458931,1.064421045048809,0.7655476770962499,0.7500001654727011,1.00564,0.00301692
119,119,0.6151102204408817,0.49450257793660835,0.9731531026951634,1.3548738166458931,1.064421045048809,0.7655476770962499,0.7500001654727011,1.00573,0.00301719
120,120,0.6151102204408817,0.49450257793660835,0.9731531026951634,1.3548738166458931,1.064421045048809,0.7655476770962499,0.7500001654727011,1.00582,0.00301746
121,121,0.6151102204408817,0.49450257793660835,0.9731531026951634,1.3548738166458931,1.064421045048809,0.7655476770962499,0.7500001654727011,1.0059,0.0030177
122,122,0.61312625250501,0.49247048469701965,0.9730110004672025,1.3562662553406646,1.067189841690124,0.7663391028185662,0.7510971281193866,1.00598,0.00301794
123,123,0.61312625250501,0.49247048469701965,0.9730110004672025,1.3562662553406646,1.067189841690124,0.7663391028185662,0.7510971281193866,1.00606,0.00301818
124,124,0.61312625250501,0.49247048469701965,0.9730110004672025,1.3562662553406646,1.067189841690124,0.7663391028185662,0.7510971281193866,1.00614,0.00301842
125,125,0.61312625250501,0.49247048469701965,0.9730110004672025,1.3562662553406646,1.067189841690124,0.7663391028185662,0.7510971281193866,1.00621,0.00301863
126,126,0.61312625250501,0.49247048469701965,0.9730110004672025,1.3562662553406646,1.067189841690124,0.7663391028185662,0.7510971281193866,1.00629,0.00301887
127,127,0.61312625250501,0.49247048469701965,0.9730110004672025,1.3562662553406646,1.067189841690124,0.7663391028185662,0.7510971281193866,1.00636,0.00301908
128,128,0.6111422845691382,0.49044255704150713,0.9728687467930093,1.357656875668421,1.0699563316594856,0.7671299962163325,0.7521919207780904,1.00643,0.00301929
129,129,0.6111422845691382,0.49044255704150713,0.9728687467930093,1.357656875668421,1.0699563316594856,0.7671299962163325,0.7521919207780904,1.0064899999999999,0.00301947
130,130,0.6111422845691382,0.49044255704150713,0.9728687467930093,1.357656875668421,1.0699563316594856,0.7671299962163325,0.7521919207780904,1.00655,0.00301965
131,131,0.6111422845691382,0.49044255704150713,0.9728687467930093,1.357656875668421,1.0699563316594856,0.7671299962163325,0.7521919207780904,1.00661,0.00301983
132,132,0.6111422845691382,0.49044255704150713,0.9728687467930093,1.357656875668421,1.0699563316594856,0.7671299962163325,0.7521919207780904,1.00667,0.00302001
133,133,0.6111422845691382,0.49044255704150713,0.9728687467930093,1.357656875668421,1.0699563316594856,0.7671299962163325,0.7521919207780904,1.00672,0.00302016
134,134,0.6111422845691382,0.49044255704150713,0.9728687467930093,1.357656875668421,1.0699563316594856,0.7671299962163325,0.7521919207780904,1.00676,0.00302028
135,135,0.6111422845691382,0.49044255704150713,0.9728687467930093,1.357656875668421,1.0699563316594856,0.7671299962163325,0.7521919207780904,1.0068,0.0030204
136,136,0.6111422845691382,0.49044255704150713,0.9728687467930093,1.357656875668421,1.0699563316594856,0.7671299962163325,0.7521919207780904,1.00684,0.00302052
137,137,0.6111422845691382,0.49044255704150713,0.9728687467930093,1.357656875668421,1.0699563316594856,0.7671299962163325,0.7521919207780904,1.00686,0.00302058
138,138,0.6111422845691382,0.49044255704150713,0.9728687467930093,1.357656875668421,1.0699563316594856,0.7671299962163325,0.7521919207780904,1.00688,0.00302064
139,139,0.6111422845691382,0.49044255704150713,0.9728687467930093,1.357656875668421,1.0699563316594856,0.7671299962163325,0.7521919207780904,1.00689,0.00302067
140,140,0.6111422845691382,0.49044255704150713,0.9728687467930093,1.357656875668421,1.0699563316594856,0.7671299962163325,0.7521919207780904,1.00692,0.00302076
141,141,0.6111422845691382,0.49044255704150713,0.9728687467930093,1.357656875668421,1.0699563316594856,0.7671299962163325,0.7521919207780904,1.00695,0.00302085
142,142,0.6091583166332665,0.48841877676042855,0.9727263395671678,1.3590456803520286,1.0727206082585365,0.7679203593467696,0.7532845500677867,1.00699,0.00302097
143,143,0.6091583166332665,0.48841877676042855,0.9727263395671678,1.3590456803520286,1.0727206082585365,0.7679203593467696,0.7532845500677867,1.00704,0.00302112
144,144,0.6091583166332665,0.48841877676042855,0.9727263395671678,1.3590456803520286,1.0727206082585365,0.7679203593467696,0.7532845500677867,1.00709,0.00302127
145,145,0.6091583166332665,0.48841877676042855,0.9727263395671678,1.3590456803520286,1.0727206082585365,0.7679203593467696,0.7532845500677867,1.00715,0.00302145
146,146,0.6091583166332665,0.48841877676042855,0.9727263395671678,1.3590456803520286,1.0727206082585365,0.7679203593467696,0.7532845500677867,1.00721,0.00302163
147,147,0.6091583166332665,0.48841877676042855,0.9727263395671678,1.3590456803520286,1.0727206082585365,0.7679203593467696,0.7532845500677867,1.00728,0.00302184
148,148,0.6091583166332665,0.48841877676042855,0.9727263395671678,1.3590456803520286,1.0727206082585365,0.7679203593467696,0.7532845500677867,1.00735,0.00302205
149,149,0.6091583166332665,0.48841877676042855,0.9727263395671678,1.3590456803520286,1.0727206082585365,0.7679203593467696,0.7532845500677867,1.00742,0.00302226
150,150,0.6071743486973947,0.486399125754281,0.9725837766702355,1.360432672084857,1.0754827642304998,0.7687101942627804,0.7543750225746744,1.0075,0.0030225
151,151,0.6071743486973947,0.486399125754281,0.9725837766702355,1.360432672084857,1.0754827642304998,0.7687101942627804,0.7543750225746744,1.00758,0.00302274
152,152,0.6071743486973947,0.486399125754281,0.9725837766702355,1.360432672084857,1.0754827642304998,0.7687101942627804,0.7543750225746744,1.00767,0.00302301
153,153,0.6071743486973947,0.486399125754281,0.9725837766702355,1.360432672084857,1.0754827642304998,0.7687101942627804,0.7543750225746744,1.00775,0.00302325
154,154,0.6071743486973947,0.486399125754281,0.9725837766702355,1.360432672084857,1.0754827642304998,0.7687101942627804,0.7543750225746744,1.00785,0.00302355
155,155,0.6071743486973947,0.486399125754281,0.9725837766702355,1.360432672084857,1.0754827642304998,0.7687101942627804,0.7543750225746744,1.00794,0.00302382
156,156,0.6071743486973947,0.486399125754281,0.9725837766702355,1.360432672084857,1.0754827642304998,0.7687101942627804,0.7543750225746744,1.00804,0.00302412
157,157,0.605190380761523,0.48438358603278026,0.972441055968507,1.3618178535307246,1.078242891779322,0.769499503013038,0.7554633448521613,1.00815,0.00302445
158,158,0.605190380761523,0.48438358603278026,0.972441055968507,1.3618178535307246,1.078242891779322,0.769499503013038,0.7554633448521613,1.00825,0.00302475
159,159,0.605190380761523,0.48438358603278026,0.972441055968507,1.3618178535307246,1.078242891779322,0.769499503013038,0.7554633448521613,1.00837,0.00302511
160,160,0.605190380761523,0.48438358603278026,0.972441055968507,1.3618178535307246,1.078242891779322,0.769499503013038,0.7554633448521613,1.00848,0.00302544
161,161,0.605190380761523,0.48438358603278026,0.972441055968507,1.3618178535307246,1.078242891779322,0.769499503013038,0.7554633448521613,1.0086,0.0030258
162,162,0.6032064128256512,0.4823721397139638,0.9722981753137663,1.3632012273238234,1.0810010825878216,0.7702882876420689,0.756549523420859,1.00872,0.00302616
163,163,0.6032064128256512,0.4823721397139638,0.9722981753137663,1.3632012273238234,1.0810010825878216,0.7702882876420689,0.756549523420859,1.00884,0.00302652
164,164,0.6032064128256512,0.4823721397139638,0.9722981753137663,1.3632012273238234,1.0810010825878216,0.7702882876420689,0.756549523420859,1.00897,0.00302691
165,165,0.6032064128256512,0.4823721397139638,0.9722981753137663,1.3632012273238234,1.0810010825878216,0.7702882876420689,0.756549523420859,1.00911,0.00302733
166,166,0.6032064128256512,0.4823721397139638,0.9722981753137663,1.3632012273238234,1.0810010825878216,0.7702882876420689,0.756549523420859,1.00924,0.00302772
167,167,0.6012224448897795,0.4803647690232604,0.9721551325430695,1.3645827960687416,1.0837574278346394,0.7710765501903725,0.7576335647686545,1.00938,0.00302814
168,168,0.6012224448897795,0.4803647690232604,0.9721551325430695,1.3645827960687416,1.0837574278346394,0.7710765501903725,0.7576335647686545,1.0095299999999998,0.00302859
169,169,0.6012224448897795,0.4803647690232604,0.9721551325430695,1.3645827960687416,1.0837574278346394,0.7710765501903725,0.7576335647686545,1.00967,0.00302901
170,170,0.6012224448897795,0.4803647690232604,0.9721551325430695,1.3645827960687416,1.0837574278346394,0.7710765501903725,0.7576335647686545,1.00982,0.00302946
171,171,0.5992384769539078,0.47836145629261306,0.972011925478485,1.365962562340346,1.0865120182122052,0.7718642926944898,0.7587154753506838,1.00998,0.00302994
172,172,0.5992384769539078,0.47836145629261306,0.972011925478485,1.365962562340346,1.0865120182122052,0.7718642926944898,0.7587154753506838,1.0101399999999998,0.00303042
173,173,0.5992384769539078,0.47836145629261306,0.972011925478485,1.365962562340346,1.0865120182122052,0.7718642926944898,0.7587154753506838,1.0103,0.0030309
174,174,0.5992384769539078,0.47836145629261306,0.972011925478485,1.365962562340346,1.0865120182122052,0.7718642926944898,0.7587154753506838,1.01047,0.00303141
175,175,0.5972545090180361,0.47636218395957886,0.9718685519268564,1.3673405286837803,1.0892649439440265,0.7726515171871173,0.7597952615894252,1.01064,0.00303192
176,176,0.5972545090180361,0.47636218395957886,0.9718685519268564,1.3673405286837803,1.0892649439440265,0.7726515171871173,0.7597952615894252,1.01081,0.00303243
177,177,0.5972545090180361,0.47636218395957886,0.9718685519268564,1.3673405286837803,1.0892649439440265,0.7726515171871173,0.7597952615894252,1.0109899999999998,0.00303297
178,178,0.5972545090180361,0.47636218395957886,0.9718685519268564,1.3673405286837803,1.0892649439440265,0.7726515171871173,0.7597952615894252,1.0111700000000001,0.00303351
179,179,0.5952705410821644,0.4743669345664463,0.9717250096795584,1.36871669761442,1.0920162948006817,0.7734382256972048,0.760872929874757,1.01136,0.00303408
180,180,0.5952705410821644,0.4743669345664463,0.9717250096795584,1.36871669761442,1.0920162948006817,0.7734382256972048,0.760872929874757,1.01155,0.00303465
181,181,0.5952705410821644,0.4743669345664463,0.9717250096795584,1.36871669761442,1.0920162948006817,0.7734382256972048,0.760872929874757,1.0117500000000001,0.00303525
182,182,0.5932865731462926,0.47237569075937386,0.9715812965122311,1.3700910716177797,1.0947661601179257,0.7742244202500362,0.7619484865639914,1.01195,0.00303585
183,183,0.5932865731462926,0.47237569075937386,0.9715812965122311,1.3700910716177797,1.0947661601179257,0.7742244202500362,0.7619484865639914,1.0121499999999999,0.00303645
184,184,0.5932865731462926,0.47237569075937386,0.9715812965122311,1.3700910716177797,1.0947661601179257,0.7742244202500362,0.7619484865639914,1.01236,0.00303708
185,185,0.5932865731462926,0.47237569075937386,0.9715812965122311,1.3700910716177797,1.0947661601179257,0.7742244202500362,0.7619484865639914,1.01257,0.00303771
186,186,0.5913026052104209,0.47038843528752633,0.9714374101845296,1.3714636531494762,1.0975146288126192,0.7750101028673333,0.7630219379819781,1.0127899999999999,0.00303837
187,187,0.5913026052104209,0.47038843528752633,0.9714374101845296,1.3714636531494762,1.0975146288126192,0.7750101028673333,0.7630219379819781,1.01301,0.00303903
188,188,0.5913026052104209,0.47038843528752633,0.9714374101845296,1.3714636531494762,1.0975146288126192,0.7750101028673333,0.7630219379819781,1.01324,0.00303972
189,189,0.5893186372745491,0.4684051510022029,0.971293348439872,1.3728344446351954,1.1002617893985531,0.775795275567362,0.7640932904212039,1.0134699999999999,0.00304041
190,190,0.5893186372745491,0.4684051510022029,0.971293348439872,1.3728344446351954,1.1002617893985531,0.775795275567362,0.7640932904212039,1.0137099999999999,0.00304113
191,191,0.5893186372745491,0.4684051510022029,0.971293348439872,1.3728344446351954,1.1002617893985531,0.775795275567362,0.7640932904212039,1.01395,0.00304185
192,192,0.5873346693386774,0.4664258208560132,0.9711491090051598,1.3742034484705823,1.103007730003622,0.7765799403650103,0.7651625501418557,1.01419,0.00304257
193,193,0.5873346693386774,0.4664258208560132,0.9711491090051598,1.3742034484705823,1.103007730003622,0.7765799403650103,0.7651625501418557,1.01444,0.00304332
194,194,0.5873346693386774,0.4664258208560132,0.9711491090051598,1.3742034484705823,1.103007730003622,0.7765799403650103,0.7651625501418557,1.0147,0.0030441
195,195,0.5853507014028057,0.4644504279020183,0.9710046895905224,1.3755706670212169,1.1057525383848044,0.7773640992719014,0.7662297233719578,1.0149599999999999,0.00304488
196,196,0.5853507014028057,0.4644504279020183,0.9710046895905224,1.3755706670212169,1.1057525383848044,0.7773640992719014,0.7662297233719578,1.01523,0.00304569
197,197,0.5853507014028057,0.4644504279020183,0.9710046895905224,1.3755706670212169,1.1057525383848044,0.7773640992719014,0.7662297233719578,1.0155,0.0030465
198,198,0.5833667334669339,0.46247895529290906,0.970860087889039,1.3769361026225306,1.1084963019443355,0.7781477542964849,0.7672948163074778,1.01577,0.00304731
199,199,0.5833667334669339,0.46247895529290906,0.970860087889039,1.3769361026225306,1.1084963019443355,0.7781477542964849,0.7672948163074778,1.01605,0.00304815
200,200,0.5833667334669339,0.46247895529290906,0.970860087889039,1.3769361026225306,1.1084963019443355,0.7781477542964849,0.7672948163074778,1.01634,0.00304902
201,201,0.5813827655310622,0.460511386280191,0.9707153015764557,1.378299757579711,1.1112391077460304,0.7789309074441234,0.7683578351124293,1.01663,0.00304989
202,202,0.5813827655310622,0.460511386280191,0.9707153015764557,1.378299757579711,1.1112391077460304,0.7789309074441234,0.7683578351124293,1.01693,0.00305079
203,203,0.5793987975951904,0.4585477042133431,0.9705703283109232,1.3796616341676855,1.1139810425290653,0.7797135607172142,0.7694187859190487,1.01724,0.00305172
204,204,0.5793987975951904,0.4585477042133431,0.9705703283109232,1.3796616341676855,1.1139810425290653,0.7797135607172142,0.7694187859190487,1.01755,0.00305265
205,205,0.5793987975951904,0.4585477042133431,0.9705703283109232,1.3796616341676855,1.1139810425290653,0.7797135607172142,0.7694187859190487,1.01786,0.00305358
206,206,0.5774148296593186,0.4565878925390372,0.9704251657326894,1.3810217346309805,1.1167221927249744,0.7804957161152626,0.7704776748278861,1.01818,0.00305454
207,207,0.5774148296593186,0.4565878925390372,0.9704251657326894,1.3810217346309805,1.1167221927249744,0.7804957161152626,0.7704776748278861,1.01851,0.00305553
208,208,0.5774148296593186,0.4565878925390372,0.9704251657326894,1.3810217346309805,1.1167221927249744,0.7804957161152626,0.7704776748278861,1.01872,0.00305616
209,209,0.5774148296593186,0.4565878925390372,0.9704251657326894,1.3810217346309805,1.1167221927249744,0.7804957161152626,0.7704776748278861,1.01884,0.00305652
210,210,0.5754308617234468,0.45463193480031827,0.9702798114638262,1.3823800611836832,1.119462644471664,0.7812773756349956,0.7715345079079851,1.01918,0.00305754
211,211,0.5754308617234468,0.45463193480031827,0.9702798114638262,1.3823800611836832,1.119462644471664,0.7812773756349956,0.7715345079079851,1.01952,0.00305856
212,212,0.5734468937875751,0.4526798146358235,0.9701342631079244,1.3837366160093318,1.1222024836291264,0.7820585412704523,0.7725892911970217,1.01986,0.00305958
213,213,0.5734468937875751,0.4526798146358235,0.9701342631079244,1.3837366160093318,1.1222024836291264,0.7820585412704523,0.7725892911970217,1.0202,0.0030606
214,214,0.5734468937875751,0.4526798146358235,0.9701342631079244,1.3837366160093318,1.1222024836291264,0.7820585412704523,0.7725892911970217,1.02055,0.00306165
215,215,0.5714629258517033,0.4507315157789859,0.9699885182498035,1.3850914012608422,1.1249417957936572,0.7828392150130872,0.7736420307014681,1.0209,0.0030627
216,216,0.5714629258517033,0.4507315157789859,0.9699885182498035,1.3850914012608422,1.1249417957936572,0.7828392150130872,0.7736420307014681,1.02125,0.00306375
217,217,0.5714629258517033,0.4507315157789859,0.9699885182498035,1.3850914012608422,1.1249417957936572,0.7828392150130872,0.7736420307014681,1.0215999999999998,0.0030648
218,218,0.5694789579158316,0.44878702205726584,0.9698425744551977,1.3864444190603968,1.1276806663132322,0.7836193988518634,0.7746927323967567,1.02196,0.00306588
219,219,0.5694789579158316,0.44878702205726584,0.9698425744551977,1.3864444190603968,1.1276806663132322,0.7836193988518634,0.7746927323967567,1.0223099999999998,0.00306693
220,220,0.5674949899799598,0.44684631739136604,0.9696964292704608,1.3877956714993795,1.13041918030154,0.7843990947733632,0.7757414022274697,1.02267,0.00306801
221,221,0.5674949899799598,0.44684631739136604,0.9696964292704608,1.3877956714993795,1.13041918030154,0.7843990947733632,0.7757414022274697,1.02304,0.00306912
222,222,0.5674949899799598,0.44684631739136604,0.9696964292704608,1.3877956714993795,1.13041918030154,0.7843990947733632,0.7757414022274697,1.0233999999999999,0.0030702
223,223,0.5655110220440881,0.444909385794487,0.969550080222235,1.3891451606382228,1.133157422653162,0.7851783047618679,0.7767880461074825,1.0237699999999998,0.00307131
224,224,0.5655110220440881,0.444909385794487,0.969550080222235,1.3891451606382228,1.133157422653162,0.7851783047618679,0.7767880461074825,1.02413,0.00307239
225,225,0.5655110220440881,0.444909385794487,0.969550080222235,1.3891451606382228,1.133157422653162,0.7851783047618679,0.7767880461074825,1.0245,0.0030735
226,226,0.5635270541082165,0.44297621137154763,0.9694035248171483,1.3904928885063603,1.1358954780573156,0.7859570307994803,0.7778326699201945,1.02488,0.00307464
227,227,0.5635270541082165,0.44297621137154763,0.9694035248171483,1.3904928885063603,1.1358954780573156,0.7859570307994803,0.7778326699201945,1.02525,0.00307575
228,228,0.5615430861723447,0.4410467783184466,0.9692567605414839,1.391838857102084,1.1386334310124375,0.7867352748662115,0.7788752795186904,1.02563,0.00307689
229,229,0.5615430861723447,0.4410467783184466,0.9692567605414839,1.391838857102084,1.1386334310124375,0.7867352748662115,0.7788752795186904,1.0260099999999999,0.00307803
230,230,0.5615430861723447,0.4410467783184466,0.9692567605414839,1.391838857102084,1.1386334310124375,0.7867352748662115,0.7788752795186904,1.02639,0.00307917
231,231,0.559559118236473,0.43912107092131414,0.9691097848608506,1.3931830683924429,1.1413713658403704,0.7875130389400874,0.779915880725949,1.02677,0.00308031
232,232,0.559559118236473,0.43912107092131414,0.9691097848608506,1.3931830683924429,1.1413713658403704,0.7875130389400874,0.779915880725949,1.02716,0.00308148
233,233,0.559559118236473,0.43912107092131414,0.9691097848608506,1.3931830683924429,1.1413713658403704,0.7875130389400874,0.779915880725949,1.02754,0.00308262
234,234,0.5575751503006012,0.4371990735557858,0.9689625952198423,1.3945255243130936,1.1441093667009044,0.7882903249972363,0.7809544793350218,1.02793,0.00308379
235,235,0.5575751503006012,0.4371990735557858,0.9689625952198423,1.3945255243130936,1.1441093667009044,0.7882903249972363,0.7809544793350218,1.02832,0.00308496
236,236,0.5555911823647295,0.4352807706862533,0.9688151890417115,1.3958662267682325,1.1468475176049355,0.7890671350120131,0.7819910811092797,1.02872,0.00308616
237,237,0.5555911823647295,0.4352807706862533,0.9688151890417115,1.3958662267682325,1.1468475176049355,0.7890671350120131,0.7819910811092797,1.02911,0.00308733
238,238,0.5555911823647295,0.4352807706862533,0.9688151890417115,1.3958662267682325,1.1468475176049355,0.7890671350120131,0.7819910811092797,1.02951,0.00308853
239,239,0.551623246492986,0.43145518673224187,0.9685197166582513,1.3985423787404974,1.1523246049296494,0.7906193348035375,0.7840583170595595,1.03105,0.00309315
240,240,0.5496392785571143,0.42954787501389574,0.9683716451895317,1.3998778319073701,1.1550637087560143,0.7913947285209778,0.7850889626157128,1.0325,0.0030975
241,241,0.5476553106212425,0.4276441965223959,0.9682233466561846,1.4012115389079423,1.157803297464757,0.7921696540776362,0.786117634097761,1.0339,0.0031017
242,242,0.5456713426853708,0.42574413615522594,0.9680748183694099,1.4025435014869483,1.160543454533062,0.7929441134404782,0.7871443371238132,1.03522,0.00310566
243,243,0.543687374749499,0.4238476788943955,0.9679260576168806,1.403873721356762,1.1632842633731486,0.7937181085752918,0.7881690772835909,1.0365,0.0031095
244,244,0.5417034068136273,0.42195480980573236,0.9677770616623859,1.4052022001973052,1.1660258073447205,0.7944916414468153,0.7891918601387032,1.03772,0.00311316
245,245,0.5397194388777555,0.42006551403822356,0.9676278277454139,1.406528939655813,1.1687681697697776,0.7952647140188196,0.7902126912228403,1.0389,0.0031167
246,246,0.5377354709418837,0.41817977682331875,0.9674783530807805,1.4078539413467266,1.1715114339453665,0.7960373282542348,0.7912315760420588,1.04004,0.00312012
247,247,0.5357515030060119,0.41629758347427975,0.9673286348582069,1.4091772068514634,1.1742556831575979,0.7968094861152376,0.7922485200749839,1.04114,0.00312342
248,248,0.5337675350701403,0.4144189193855055,0.9671786702419224,1.4104987377182772,1.1770010006949907,0.7975811895633741,0.7932635287730957,1.0422,0.0031266
249,249,0.5317835671342686,0.4125437700318824,0.9670284563702338,1.4118185354620394,1.179747469862334,0.7983524405596564,0.7942766075609569,1.04324,0.00312972
250,250,0.5317835671342686,0.4125437700318824,0.9670284563702338,1.4118185354620394,1.179747469862334,0.7983524405596564,0.7942766075609569,1.0442399999999998,0.00313272
251,251,0.5297995991983968,0.41067212096812306,0.9668779903551158,1.4131366015640756,1.18249517399365,0.7991232410646817,0.7952877618364831,1.04522,0.00313566
252,252,0.5278156312625251,0.40880395782812506,0.9667272692817692,1.4144529374719435,1.1852441964660896,0.7998935930387334,0.7962969969711884,1.04616,0.00313848
253,253,0.5278156312625251,0.40880395782812506,0.9667272692817692,1.4144529374719435,1.1852441964660896,0.7998935930387334,0.7962969969711884,1.0470899999999999,0.00314127
254,254,0.5258316633266533,0.4069392663243344,0.9665762902081766,1.4157675445992202,1.1879946207137595,0.8006634984418898,0.7973043183104407,1.04799,0.00314397
255,255,0.5238476953907816,0.40507803224710004,0.9664250501646642,1.4170804243253108,1.1907465302406661,0.8014329592341416,0.7983097311737376,1.04886,0.00314658
256,256,0.5238476953907816,0.40507803224710004,0.9664250501646642,1.4170804243253108,1.1907465302406661,0.8014329592341416,0.7983097311737376,1.04972,0.00314916
257,257,0.5218637274549098,0.40322024146404994,0.966273546153437,1.418391577995215,1.1935000086347838,0.8022019773754999,0.7993132408549639,1.05055,0.00315165
258,258,0.5218637274549098,0.40322024146404994,0.966273546153437,1.418391577995215,1.1935000086347838,0.8022019773754999,0.7993132408549639,1.05136,0.00315408
259,259,0.5198797595190381,0.4013658799194598,0.9661217751481236,1.4197010069193037,1.1962551395811836,0.8029705548261079,0.8003148526226525,1.05216,0.00315648
260,260,0.5178957915831663,0.3995149336336404,0.9659697340932898,1.4210087123730792,1.1990120068763754,0.803738693546354,0.8013145717202617,1.05293,0.00315879
261,261,0.5178957915831663,0.3995149336336404,0.9659697340932898,1.4210087123730792,1.1990120068763754,0.803738693546354,0.8013145717202617,1.05369,0.00316107
262,262,0.5159118236472946,0.39766738870231666,0.9658174199039679,1.422314695596939,1.2017706944410314,0.8045063954969859,0.8023124033664382,1.05443,0.00316329
263,263,0.5159118236472946,0.39766738870231666,0.9658174199039679,1.422314695596939,1.2017706944410314,0.8045063954969859,0.8023124033664382,1.05516,0.00316548
264,264,0.5159118236472946,0.39766738870231666,0.9658174199039679,1.422314695596939,1.2017706944410314,0.8045063954969859,0.8023124033664382,1.0558699999999999,0.00316761
265,265,0.5139278557114229,0.3958232312960219,0.965664829465157,1.4236189577959137,1.2045312863348137,0.8052736626392214,0.8033083527552853,1.05656,0.00316968
266,266,0.5139278557114229,0.3958232312960219,0.965664829465157,1.4236189577959137,1.2045312863348137,0.8052736626392214,0.8033083527552853,1.05724,0.00317172
267,267,0.5119438877755511,0.3939824476594871,0.9655119596313313,1.424921500139431,1.207293866769117,0.8060404969348718,0.8043024250566511,1.0578999999999998,0.0031737
268,268,0.5119438877755511,0.3939824476594871,0.9655119596313313,1.424921500139431,1.207293866769117,0.8060404969348718,0.8043024250566511,1.0585499999999999,0.00317565
269,269,0.5099599198396794,0.39214502411104174,0.9653588072259266,1.4262223237610383,1.2100585201211709,0.8068069003464527,0.8052946254163909,1.05918,0.00317754
270,270,0.5099599198396794,0.39214502411104174,0.9653588072259266,1.4262223237610383,1.2100585201211709,0.8068069003464527,0.8052946254163909,1.05981,0.00317943
271,271,0.5099599198396794,0.39214502411104174,0.9653588072259266,1.4262223237610383,1.2100585201211709,0.8068069003464527,0.8052946254163909,1.06042,0.00318126
272,272,0.5079759519038076,0.39031094704202535,0.9652053690408161,1.4275214297581211,1.2128253309486277,0.8075728748372994,0.8062849589566475,1.06101,0.00318303
273,273,0.5079759519038076,0.39031094704202535,0.9652053690408161,1.4275214297581211,1.2128253309486277,0.8075728748372994,0.8062849589566475,1.06159,0.00318477
274,274,0.5059919839679359,0.388480202916183,0.9650516418357967,1.4288188191916487,1.2155943840019836,0.8083384223716933,0.8072734307761353,1.06217,0.00318651
275,275,0.5059919839679359,0.388480202916183,0.9650516418357967,1.4288188191916487,1.2155943840019836,0.8083384223716933,0.8072734307761353,1.06273,0.00318819
276,276,0.5059919839679359,0.388480202916183,0.9650516418357967,1.4288188191916487,1.2155943840019836,0.8083384223716933,0.8072734307761353,1.06327,0.00318981
277,277,0.5040080160320641,0.3866527782690955,0.9648976223380277,1.4301144930858436,1.2183657642404537,0.8091035449149678,0.8082600459504066,1.06381,0.00319143
278,278,0.5040080160320641,0.3866527782690955,0.9648976223380277,1.4301144930858436,1.2183657642404537,0.8091035449149678,0.8082600459504066,1.06433,0.00319299
279,279,0.5040080160320641,0.3866527782690955,0.9648976223380277,1.4301144930858436,1.2183657642404537,0.8091035449149678,0.8082600459504066,1.06485,0.00319455
280,280,0.5040080160320641,0.3866527782690955,0.9648976223380277,1.4301144930858436,1.2183657642404537,0.8091035449149678,0.8082600459504066,1.06535,0.00319605
281,281,0.5020240480961924,0.3848286597075826,0.9647433072415027,1.4314084524279254,1.2211395568444348,0.8098682444336427,0.8092448095321483,1.06585,0.00319755
282,282,0.5020240480961924,0.3848286597075826,0.9647433072415027,1.4314084524279254,1.2211395568444348,0.8098682444336427,0.8092448095321483,1.06633,0.00319899
283,283,0.5020240480961924,0.3848286597075826,0.9647433072415027,1.4314084524279254,1.2211395568444348,0.8098682444336427,0.8092448095321483,1.0668,0.0032004
284,284,0.5000400801603206,0.3830078339091315,0.9645886932064831,1.4327006981677848,1.2239158472303278,0.8106325228955393,0.8102277265514584,1.0672599999999999,0.00320178
285,285,0.5000400801603206,0.3830078339091315,0.9645886932064831,1.4327006981677848,1.2239158472303278,0.8106325228955393,0.8102277265514584,1.06772,0.00320316
286,286,0.5000400801603206,0.3830078339091315,0.9645886932064831,1.4327006981677848,1.2239158472303278,0.8106325228955393,0.8102277265514584,1.06816,0.00320448
287,287,0.5000400801603206,0.3830078339091315,0.9645886932064831,1.4327006981677848,1.2239158472303278,0.8106325228955393,0.8102277265514584,1.06859,0.00320577
288,288,0.4980561122244489,0.38119028762133056,0.964433776858917,1.4339912312176526,1.226694721065127,0.8113963822698965,0.8112088020161217,1.0690199999999999,0.00320706
289,289,0.4980561122244489,0.38119028762133056,0.964433776858917,1.4339912312176526,1.226694721065127,0.8113963822698965,0.8112088020161217,1.0694299999999999,0.00320829
290,290,0.4980561122244489,0.38119028762133056,0.964433776858917,1.4339912312176526,1.226694721065127,0.8113963822698965,0.8112088020161217,1.06984,0.00320952
291,291,0.4980561122244489,0.38119028762133056,0.964433776858917,1.4339912312176526,1.226694721065127,0.8113963822698965,0.8112088020161217,1.0702399999999999,0.00321072
292,292,0.4960721442885771,0.37937600766129137,0.9642785547898737,1.4352800524517968,1.2294762642801642,0.8121598245275022,0.8121880409119033,1.07062,0.00321186
293,293,0.4960721442885771,0.37937600766129137,0.9642785547898737,1.4352800524517968,1.2294762642801642,0.8121598245275022,0.8121880409119033,1.071,0.003213
294,294,0.4960721442885771,0.37937600766129137,0.9642785547898737,1.4352800524517968,1.2294762642801642,0.8121598245275022,0.8121880409119033,1.07138,0.00321414
295,295,0.4960721442885771,0.37937600766129137,0.9642785547898737,1.4352800524517968,1.2294762642801642,0.8121598245275022,0.8121880409119033,1.07174,0.00321522
296,296,0.4960721442885771,0.37937600766129137,0.9642785547898737,1.4352800524517968,1.2294762642801642,0.8121598245275022,0.8121880409119033,1.07209,0.00321627
297,297,0.4940881763527054,0.3775649809150846,0.9641230235549452,1.436567162706195,1.2322605630857222,0.8129228516408225,0.8131654482028461,1.07244,0.00321732
298,298,0.4940881763527054,0.3775649809150846,0.9641230235549452,1.436567162706195,1.2322605630857222,0.8129228516408225,0.8131654482028461,1.07278,0.00321834
299,299,0.4940881763527054,0.3775649809150846,0.9641230235549452,1.436567162706195,1.2322605630857222,0.8129228516408225,0.8131654482028461,1.07311,0.00321933
300,300,0.4940881763527054,0.3775649809150846,0.9641230235549452,1.436567162706195,1.2322605630857222,0.8129228516408225,0.8131654482028461,1.0734299999999999,0.00322029
301,301,0.4940881763527054,0.3775649809150846,0.9641230235549452,1.436567162706195,1.2322605630857222,0.8129228516408225,0.8131654482028461,1.07375,0.00322125
302,302,0.4921042084168336,0.3757571943371891,0.9639671796736367,1.4378525627781533,1.2350477039856833,0.8136854655841099,0.8141410288315256,1.07405,0.00322215
303,303,0.4921042084168336,0.3757571943371891,0.9639671796736367,1.4378525627781533,1.2350477039856833,0.8136854655841099,0.8141410288315256,1.07435,0.00322305
304,304,0.4921042084168336,0.3757571943371891,0.9639671796736367,1.4378525627781533,1.2350477039856833,0.8136854655841099,0.8141410288315256,1.07465,0.00322395
305,305,0.4921042084168336,0.3757571943371891,0.9639671796736367,1.4378525627781533,1.2350477039856833,0.8136854655841099,0.8141410288315256,1.07493,0.00322479
306,306,0.4921042084168336,0.3757571943371891,0.9639671796736367,1.4378525627781533,1.2350477039856833,0.8136854655841099,0.8141410288315256,1.07521,0.00322563
307,307,0.4921042084168336,0.3757571943371891,0.9639671796736367,1.4378525627781533,1.2350477039856833,0.8136854655841099,0.8141410288315256,1.07548,0.00322644
308,308,0.4901202404809619,0.3739526349499281,0.963811019628757,1.4391362534259908,1.2378377737923207,0.8144476683335491,0.8151147877193732,1.07574,0.00322722
309,309,0.4901202404809619,0.3739526349499281,0.963811019628757,1.4391362534259908,1.2378377737923207,0.8144476683335491,0.8151147877193732,1.076,0.003228
310,310,0.4901202404809619,0.3739526349499281,0.963811019628757,1.4391362534259908,1.2378377737923207,0.8144476683335491,0.8151147877193732,1.07625,0.00322875
311,311,0.4901202404809619,0.3739526349499281,0.963811019628757,1.4391362534259908,1.2378377737923207,0.8144476683335491,0.8151147877193732,1.07649,0.00322947
312,312,0.4901202404809619,0.3739526349499281,0.963811019628757,1.4391362534259908,1.2378377737923207,0.8144476683335491,0.8151147877193732,1.07673,0.00323019
313,313,0.4901202404809619,0.3739526349499281,0.963811019628757,1.4391362534259908,1.2378377737923207,0.8144476683335491,0.8151147877193732,1.0769600000000001,0.00323088
314,314,0.4901202404809619,0.3739526349499281,0.963811019628757,1.4391362534259908,1.2378377737923207,0.8144476683335491,0.8151147877193732,1.07718,0.00323154
315,315,0.4901202404809619,0.3739526349499281,0.963811019628757,1.4391362534259908,1.2378377737923207,0.8144476683335491,0.8151147877193732,1.0773899999999998,0.00323217
316,316,0.4881362725450902,0.3721512898429201,0.9636545398657878,1.4404182353686459,1.2406308596406963,0.8152094618673704,0.816086729766937,1.0776000000000001,0.0032328
317,317,0.4881362725450902,0.3721512898429201,0.9636545398657878,1.4404182353686459,1.2406308596406963,0.8152094618673704,0.816086729766937,1.0777999999999999,0.0032334
318,318,0.4881362725450902,0.3721512898429201,0.9636545398657878,1.4404182353686459,1.2406308596406963,0.8152094618673704,0.816086729766937,1.0779999999999998,0.003234
319,319,0.4881362725450902,0.3721512898429201,0.9636545398657878,1.4404182353686459,1.2406308596406963,0.8152094618673704,0.816086729766937,1.07819,0.00323457
320,320,0.4881362725450902,0.3721512898429201,0.9636545398657878,1.4404182353686459,1.2406308596406963,0.8152094618673704,0.816086729766937,1.0783699999999998,0.00323511
321,321,0.4881362725450902,0.3721512898429201,0.9636545398657878,1.4404182353686459,1.2406308596406963,0.8152094618673704,0.816086729766937,1.0785399999999998,0.00323562
322,322,0.4881362725450902,0.3721512898429201,0.9636545398657878,1.4404182353686459,1.2406308596406963,0.8152094618673704,0.816086729766937,1.0787099999999998,0.00323613
323,323,0.4881362725450902,0.3721512898429201,0.9636545398657878,1.4404182353686459,1.2406308596406963,0.8152094618673704,0.816086729766937,1.07887,0.00323661
324,324,0.4881362725450902,0.3721512898429201,0.9636545398657878,1.4404182353686459,1.2406308596406963,0.8152094618673704,0.816086729766937,1.07903,0.00323709
325,325,0.4881362725450902,0.3721512898429201,0.9636545398657878,1.4404182353686459,1.2406308596406963,0.8152094618673704,0.816086729766937,1.07917,0.00323751
326,326,0.4881362725450902,0.3721512898429201,0.9636545398657878,1.4404182353686459,1.2406308596406963,0.8152094618673704,0.816086729766937,1.07931,0.00323793
327,327,0.4861523046092184,0.37035314617253084,0.9634977367922419,1.4416985092853267,1.2434270490038117,0.8159708481659911,0.8170568598541968,1.07945,0.00323835
328,328,0.4861523046092184,0.37035314617253084,0.9634977367922419,1.4416985092853267,1.2434270490038117,0.8159708481659911,0.8170568598541968,1.07957,0.00323871
329,329,0.4861523046092184,0.37035314617253084,0.9634977367922419,1.4416985092853267,1.2434270490038117,0.8159708481659911,0.8170568598541968,1.07969,0.00323907
330,330,0.4861523046092184,0.37035314617253084,0.9634977367922419,1.4416985092853267,1.2434270490038117,0.8159708481659911,0.8170568598541968,1.0797999999999999,0.0032394
331,331,0.4861523046092184,0.37035314617253084,0.9634977367922419,1.4416985092853267,1.2434270490038117,0.8159708481659911,0.8170568598541968,1.0798999999999999,0.0032397
332,332,0.4861523046092184,0.37035314617253084,0.9634977367922419,1.4416985092853267,1.2434270490038117,0.8159708481659911,0.8170568598541968,1.0799999999999998,0.00324
333,333,0.4861523046092184,0.37035314617253084,0.9634977367922419,1.4416985092853267,1.2434270490038117,0.8159708481659911,0.8170568598541968,1.08008,0.00324024
334,334,0.4861523046092184,0.37035314617253084,0.9634977367922419,1.4416985092853267,1.2434270490038117,0.8159708481659911,0.8170568598541968,1.08016,0.00324048
335,335,0.4861523046092184,0.37035314617253084,0.9634977367922419,1.4416985092853267,1.2434270490038117,0.8159708481659911,0.8170568598541968,1.08022,0.00324066
336,336,0.4861523046092184,0.37035314617253084,0.9634977367922419,1.4416985092853267,1.2434270490038117,0.8159708481659911,0.8170568598541968,1.0802699999999998,0.00324081
337,337,0.4861523046092184,0.37035314617253084,0.9634977367922419,1.4416985092853267,1.2434270490038117,0.8159708481659911,0.8170568598541968,1.0803,0.0032409
338,338,0.4861523046092184,0.37035314617253084,0.9634977367922419,1.4416985092853267,1.2434270490038117,0.8159708481659911,0.8170568598541968,1.08032,0.00324096
339,339,0.4861523046092184,0.37035314617253084,0.9634977367922419,1.4416985092853267,1.2434270490038117,0.8159708481659911,0.8170568598541968,1.08037,0.00324111
340,340,0.4861523046092184,0.37035314617253084,0.9634977367922419,1.4416985092853267,1.2434270490038117,0.8159708481659911,0.8170568598541968,1.08043,0.00324129
341,341,0.4861523046092184,0.37035314617253084,0.9634977367922419,1.4416985092853267,1.2434270490038117,0.8159708481659911,0.8170568598541968,1.0805,0.0032415
342,342,0.4861523046092184,0.37035314617253084,0.9634977367922419,1.4416985092853267,1.2434270490038117,0.8159708481659911,0.8170568598541968,1.0805799999999999,0.00324174
343,343,0.4861523046092184,0.37035314617253084,0.9634977367922419,1.4416985092853267,1.2434270490038117,0.8159708481659911,0.8170568598541968,1.08067,0.00324201
344,344,0.4861523046092184,0.37035314617253084,0.9634977367922419,1.4416985092853267,1.2434270490038117,0.8159708481659911,0.8170568598541968,1.08077,0.00324231
345,345,0.4861523046092184,0.37035314617253084,0.9634977367922419,1.4416985092853267,1.2434270490038117,0.8159708481659911,0.8170568598541968,1.08087,0.00324261
346,346,0.4861523046092184,0.37035314617253084,0.9634977367922419,1.4416985092853267,1.2434270490038117,0.8159708481659911,0.8170568598541968,1.08098,0.00324294
347,347,0.4861523046092184,0.37035314617253084,0.9634977367922419,1.4416985092853267,1.2434270490038117,0.8159708481659911,0.8170568598541968,1.0811,0.0032433
348,348,0.4841683366733467,0.36855819116206207,0.9633406067760557,1.4429770758128646,1.2462264297571741,0.8167318292113284,0.8180251828396329,1.08122,0.00324366
349,349,0.4841683366733467,0.36855819116206207,0.9633406067760557,1.4429770758128646,1.2462264297571741,0.8167318292113284,0.8180251828396329,1.08135,0.00324405
350,350,0.4841683366733467,0.36855819116206207,0.9633406067760557,1.4429770758128646,1.2462264297571741,0.8167318292113284,0.8180251828396329,1.08148,0.00324444
351,351,0.4841683366733467,0.36855819116206207,0.9633406067760557,1.4429770758128646,1.2462264297571741,0.8167318292113284,0.8180251828396329,1.08161,0.00324483
352,352,0.4841683366733467,0.36855819116206207,0.9633406067760557,1.4429770758128646,1.2462264297571741,0.8167318292113284,0.8180251828396329,1.08175,0.00324525
353,353,0.4841683366733467,0.36855819116206207,0.9633406067760557,1.4429770758128646,1.2462264297571741,0.8167318292113284,0.8180251828396329,1.08189,0.00324567
354,354,0.4841683366733467,0.36855819116206207,0.9633406067760557,1.4429770758128646,1.2462264297571741,0.8167318292113284,0.8180251828396329,1.08203,0.00324609
355,355,0.4841683366733467,0.36855819116206207,0.9633406067760557,1.4429770758128646,1.2462264297571741,0.8167318292113284,0.8180251828396329,1.08218,0.00324654
356,356,0.4841683366733467,0.36855819116206207,0.9633406067760557,1.4429770758128646,1.2462264297571741,0.8167318292113284,0.8180251828396329,1.08233,0.00324699
357,357,0.4841683366733467,0.36855819116206207,0.9633406067760557,1.4429770758128646,1.2462264297571741,0.8167318292113284,0.8180251828396329,1.0824799999999999,0.00324744
358,358,0.4841683366733467,0.36855819116206207,0.9633406067760557,1.4429770758128646,1.2462264297571741,0.8167318292113284,0.8180251828396329,1.08263,0.00324789
359,359,0.4841683366733467,0.36855819116206207,0.9633406067760557,1.4429770758128646,1.2462264297571741,0.8167318292113284,0.8180251828396329,1.08279,0.00324837
360,360,0.4841683366733467,0.36855819116206207,0.9633406067760557,1.4429770758128646,1.2462264297571741,0.8167318292113284,0.8180251828396329,1.08294,0.00324882
361,361,0.4821843687374749,0.36676641209825184,0.9631831461487845,1.4442539355543895,1.2490290899938834,0.817492406990205,0.8189917035653892,1.0831,0.0032493
362,362,0.4821843687374749,0.36676641209825184,0.9631831461487845,1.4442539355543895,1.2490290899938834,0.817492406990205,0.8189917035653892,1.08326,0.00324978
363,363,0.4821843687374749,0.36676641209825184,0.9631831461487845,1.4442539355543895,1.2490290899938834,0.817492406990205,0.8189917035653892,1.08342,0.00325026
364,364,0.4821843687374749,0.36676641209825184,0.9631831461487845,1.4442539355543895,1.2490290899938834,0.817492406990205,0.8189917035653892,1.08358,0.00325074
365,365,0.4821843687374749,0.36676641209825184,0.9631831461487845,1.4442539355543895,1.2490290899938834,0.817492406990205,0.8189917035653892,1.08374,0.00325122
366,366,0.4821843687374749,0.36676641209825184,0.9631831461487845,1.4442539355543895,1.2490290899938834,0.817492406990205,0.8189917035653892,1.0839,0.0032517
367,367,0.4821843687374749,0.36676641209825184,0.9631831461487845,1.4442539355543895,1.2490290899938834,0.817492406990205,0.8189917035653892,1.08407,0.00325221
368,368,0.4821843687374749,0.36676641209825184,0.9631831461487845,1.4442539355543895,1.2490290899938834,0.817492406990205,0.8189917035653892,1.08423,0.00325269
369,369,0.4821843687374749,0.36676641209825184,0.9631831461487845,1.4442539355543895,1.2490290899938834,0.817492406990205,0.8189917035653892,1.08439,0.00325317
370,370,0.4821843687374749,0.36676641209825184,0.9631831461487845,1.4442539355543895,1.2490290899938834,0.817492406990205,0.8189917035653892,1.08455,0.00325365
371,371,0.4821843687374749,0.36676641209825184,0.9631831461487845,1.4442539355543895,1.2490290899938834,0.817492406990205,0.8189917035653892,1.08471,0.00325413
372,372,0.4821843687374749,0.36676641209825184,0.9631831461487845,1.4442539355543895,1.2490290899938834,0.817492406990205,0.8189917035653892,1.08487,0.00325461
373,373,0.4802004008016032,0.3649777963352291,0.9630253511990694,1.4455290890651833,1.2518351183432357,0.8182525834895251,0.8199564268501913,1.08503,0.00325509
374,374,0.4802004008016032,0.3649777963352291,0.9630253511990694,1.4455290890651833,1.2518351183432357,0.8182525834895251,0.8199564268501913,1.08518,0.00325554
375,375,0.4802004008016032,0.3649777963352291,0.9630253511990694,1.4455290890651833,1.2518351183432357,0.8182525834895251,0.8199564268501913,1.08534,0.00325602
376,376,0.4802004008016032,0.3649777963352291,0.9630253511990694,1.4455290890651833,1.2518351183432357,0.8182525834895251,0.8199564268501913,1.08549,0.00325647
377,377,0.4802004008016032,0.3649777963352291,0.9630253511990694,1.4455290890651833,1.2518351183432357,0.8182525834895251,0.8199564268501913,1.08565,0.00325695
378,378,0.4802004008016032,0.3649777963352291,0.9630253511990694,1.4455290890651833,1.2518351183432357,0.8182525834895251,0.8199564268501913,1.0858,0.0032574
379,379,0.4802004008016032,0.3649777963352291,0.9630253511990694,1.4455290890651833,1.2518351183432357,0.8182525834895251,0.8199564268501913,1.08594,0.00325782
380,380,0.4802004008016032,0.3649777963352291,0.9630253511990694,1.4455290890651833,1.2518351183432357,0.8182525834895251,0.8199564268501913,1.08609,0.00325827
381,381,0.4802004008016032,0.3649777963352291,0.9630253511990694,1.4455290890651833,1.2518351183432357,0.8182525834895251,0.8199564268501913,1.08623,0.00325869
382,382,0.4802004008016032,0.3649777963352291,0.9630253511990694,1.4455290890651833,1.2518351183432357,0.8182525834895251,0.8199564268501913,1.08637,0.00325911
383,383,0.4802004008016032,0.3649777963352291,0.9630253511990694,1.4455290890651833,1.2518351183432357,0.8182525834895251,0.8199564268501913,1.08651,0.00325953
384,384,0.4802004008016032,0.3649777963352291,0.9630253511990694,1.4455290890651833,1.2518351183432357,0.8182525834895251,0.8199564268501913,1.08664,0.00325992
385,385,0.4802004008016032,0.3649777963352291,0.9630253511990694,1.4455290890651833,1.2518351183432357,0.8182525834895251,0.8199564268501913,1.08677,0.00326031
386,386,0.4782164328657314,0.3631923312909555,0.9628672181758836,1.446802536861508,1.2546446037817474,0.8190123606997457,0.8209193574946028,1.0869,0.0032607
387,387,0.4782164328657314,0.3631923312909555,0.9628672181758836,1.446802536861508,1.2546446037817474,0.8190123606997457,0.8209193574946028,1.08702,0.00326106
388,388,0.4782164328657314,0.3631923312909555,0.9628672181758836,1.446802536861508,1.2546446037817474,0.8190123606997457,0.8209193574946028,1.08714,0.00326142
389,389,0.4782164328657314,0.3631923312909555,0.9628672181758836,1.446802536861508,1.2546446037817474,0.8190123606997457,0.8209193574946028,1.0872600000000001,0.00326178
390,390,0.4782164328657314,0.3631923312909555,0.9628672181758836,1.446802536861508,1.2546446037817474,0.8190123606997457,0.8209193574946028,1.08737,0.00326211
391,391,0.4782164328657314,0.3631923312909555,0.9628672181758836,1.446802536861508,1.2546446037817474,0.8190123606997457,0.8209193574946028,1.08747,0.00326241
392,392,0.4782164328657314,0.3631923312909555,0.9628672181758836,1.446802536861508,1.2546446037817474,0.8190123606997457,0.8209193574946028,1.08757,0.00326271
393,393,0.4782164328657314,0.3631923312909555,0.9628672181758836,1.446802536861508,1.2546446037817474,0.8190123606997457,0.8209193574946028,1.0876700000000001,0.00326301
394,394,0.4782164328657314,0.3631923312909555,0.9628672181758836,1.446802536861508,1.2546446037817474,0.8190123606997457,0.8209193574946028,1.0877599999999998,0.00326328
395,395,0.4782164328657314,0.3631923312909555,0.9628672181758836,1.446802536861508,1.2546446037817474,0.8190123606997457,0.8209193574946028,1.08784,0.00326352
396,396,0.4782164328657314,0.3631923312909555,0.9628672181758836,1.446802536861508,1.2546446037817474,0.8190123606997457,0.8209193574946028,1.08792,0.00326376
397,397,0.4782164328657314,0.3631923312909555,0.9628672181758836,1.446802536861508,1.2546446037817474,0.8190123606997457,0.8209193574946028,1.08799,0.00326397
398,398,0.4782164328657314,0.3631923312909555,0.9628672181758836,1.446802536861508,1.2546446037817474,0.8190123606997457,0.8209193574946028,1.08806,0.00326418
399,399,0.4782164328657314,0.3631923312909555,0.9628672181758836,1.446802536861508,1.2546446037817474,0.8190123606997457,0.8209193574946028,1.08812,0.00326436
400,400,0.4782164328657314,0.3631923312909555,0.9628672181758836,1.446802536861508,1.2546446037817474,0.8190123606997457,0.8209193574946028,1.08818,0.00326454
401,401,0.4782164328657314,0.3631923312909555,0.9628672181758836,1.446802536861508,1.2546446037817474,0.8190123606997457,0.8209193574946028,1.08822,0.00326466
402,402,0.4782164328657314,0.3631923312909555,0.9628672181758836,1.446802536861508,1.2546446037817474,0.8190123606997457,0.8209193574946028,1.08826,0.00326478
403,403,0.4782164328657314,0.3631923312909555,0.9628672181758836,1.446802536861508,1.2546446037817474,0.8190123606997457,0.8209193574946028,1.0882999999999998,0.0032649
404,404,0.4782164328657314,0.3631923312909555,0.9628672181758836,1.446802536861508,1.2546446037817474,0.8190123606997457,0.8209193574946028,1.08832,0.00326496
405,405,0.4782164328657314,0.3631923312909555,0.9628672181758836,1.446802536861508,1.2546446037817474,0.8190123606997457,0.8209193574946028,1.0883399999999999,0.00326502
406,406,0.4782164328657314,0.3631923312909555,0.9628672181758836,1.446802536861508,1.2546446037817474,0.8190123606997457,0.8209193574946028,1.08835,0.00326505
407,407,0.4782164328657314,0.3631923312909555,0.9628672181758836,1.446802536861508,1.2546446037817474,0.8190123606997457,0.8209193574946028,1.08835,0.00326505
