"Density","Momentum:0","Momentum:1","Momentum:2","Energy","Pressure","Temperature","Mach","Points:0","Points:1","Points:2"
362.72,3355.5,-46.075,0,1.4291e+08,2.9344e+06,538.03,0.08208,-11.88,4.9993,0
253.78,16834,45.023,0,9.9835e+07,2.1875e+06,527.34,0.99989,0.070261,1.0002,0
25.245,5679.5,37.694,0,9.6284e+06,5.2888e+05,478.81,1.6539,11.782,3.2254,0
362.58,3578.7,-2.7321,0,1.4285e+08,2.9327e+06,538.02,0.08766,-11.88,0,0
263.2,17287,-44.095,0,1.0361e+08,2.2296e+06,528.37,0.97309,0.070261,0,0
22.235,5201.9,-1.5513,0,8.4663e+06,4.7226e+05,476.87,1.6925,11.782,0,0
362.67,3402.7,-1.0705,0,1.4289e+08,2.9338e+06,538.03,0.083267,-13.88,4.9993,0
362.62,3507.9,-0.99449,0,1.4287e+08,2.9332e+06,538.02,0.085886,-13.88,0,0
362.86,3357.3,-136.77,0,1.4296e+08,2.9362e+06,538.05,0.082056,-11.582,4.9913,0
362.92,3357.6,-236.85,0,1.4299e+08,2.9369e+06,538.05,0.082144,-11.285,4.9744,0
362.97,3392.6,-343.02,0,1.4301e+08,2.9376e+06,538.06,0.083169,-10.988,4.9486,0
363.06,3404.2,-443.55,0,1.4305e+08,2.9388e+06,538.07,0.083643,-10.692,4.914,0
363.06,3408.7,-541.73,0,1.4305e+08,2.9388e+06,538.07,0.084098,-10.397,4.8706,0
363.06,3452.5,-658.52,0,1.4305e+08,2.9388e+06,538.07,0.085638,-10.103,4.8184,0
363.07,3495.8,-775.72,0,1.4305e+08,2.9389e+06,538.07,0.08724,-9.8112,4.7575,0
363.07,3527.7,-893.25,0,1.4305e+08,2.9389e+06,538.07,0.088659,-9.5213,4.6879,0
363.06,3551.2,-1010.7,0,1.4305e+08,2.9388e+06,538.07,0.08996,-9.2336,4.6097,0
363.03,3576.9,-1128.7,0,1.4304e+08,2.9384e+06,538.06,0.091417,-8.9484,4.523,0
363.01,3646.9,-1276.5,0,1.4303e+08,2.9382e+06,538.06,0.094194,-8.6658,4.4278,0
362.98,3698.9,-1420.9,0,1.4302e+08,2.9378e+06,538.06,0.096627,-8.3863,4.3242,0
362.94,3738,-1567.9,0,1.4301e+08,2.9373e+06,538.06,0.098893,-8.1099,4.2123,0
362.98,3767.6,-1706.9,0,1.4302e+08,2.9379e+06,538.06,0.10086,-7.837,4.0923,0
362.96,3825.9,-1866,0,1.4302e+08,2.9376e+06,538.06,0.10382,-7.5678,3.9641,0
362.8,3904.8,-2041,0,1.4295e+08,2.9355e+06,538.04,0.10767,-7.3025,3.828,0
362.72,3999.5,-2261.8,0,1.4292e+08,2.9345e+06,538.04,0.11238,-7.0415,3.6841,0
362.66,4085.8,-2470.6,0,1.429e+08,2.9339e+06,538.03,0.11684,-6.7848,3.5324,0
362.43,4169.9,-2675.6,0,1.4281e+08,2.931e+06,538.01,0.12156,-6.5327,3.3731,0
362.33,4322.3,-2976.3,0,1.4278e+08,2.9298e+06,538,0.12889,-6.2855,3.2064,0
362.2,4498.6,-3219.7,0,1.4273e+08,2.9282e+06,537.99,0.13607,-6.0435,3.0323,0
361.22,4910.4,-3381.1,0,1.4235e+08,2.9161e+06,537.9,0.14822,-5.8031,2.856,0
360.2,5317.7,-3468,0,1.4195e+08,2.9037e+06,537.81,0.15962,-5.5577,2.6866,0
359.2,5707.3,-3499.3,0,1.4155e+08,2.8916e+06,537.71,0.17018,-5.3074,2.5246,0
358.26,6120.5,-3512,0,1.4118e+08,2.8806e+06,537.63,0.18122,-5.0524,2.3702,0
357.25,6555.6,-3515.8,0,1.4079e+08,2.8688e+06,537.53,0.19315,-4.7929,2.2234,0
356.25,7075.7,-3520.4,0,1.4039e+08,2.8574e+06,537.44,0.20745,-4.5291,2.0844,0
354.92,7719.2,-3537.4,0,1.3988e+08,2.8425e+06,537.32,0.2261,-4.2613,1.9534,0
352.98,8387.7,-3549.7,0,1.3912e+08,2.8213e+06,537.14,0.24762,-3.9897,1.8304,0
351.03,9071.2,-3532.9,0,1.3836e+08,2.8007e+06,536.96,0.27023,-3.7146,1.7155,0
348.73,9775.5,-3491.4,0,1.3745e+08,2.7769e+06,536.74,0.29527,-3.4361,1.6089,0
345.79,10456,-3417,0,1.3629e+08,2.7479e+06,536.47,0.32268,-3.1547,1.5106,0
342.89,11409,-3243.9,0,1.3516e+08,2.7206e+06,536.2,0.35851,-2.8704,1.4208,0
338.79,12241,-3141.2,0,1.3355e+08,2.6837e+06,535.82,0.39819,-2.5835,1.3395,0
334.15,13015,-2964.9,0,1.3172e+08,2.6444e+06,535.38,0.44041,-2.2944,1.2668,0
328.68,13742,-2730.6,0,1.2956e+08,2.6011e+06,534.87,0.48718,-2.0032,1.2027,0
322.04,14476,-2439.1,0,1.2693e+08,2.5524e+06,534.24,0.5427,-1.7102,1.1473,0
314.26,15179,-2081.9,0,1.2386e+08,2.5001e+06,533.5,0.60618,-1.4158,1.1007,0
305.43,15808,-1713.9,0,1.2036e+08,2.4456e+06,532.66,0.67597,-1.12,1.0629,0
295.19,16299,-1320.8,0,1.163e+08,2.3875e+06,531.65,0.7507,-0.82328,1.0339,0
283.19,16649,-872.15,0,1.1153e+08,2.3249e+06,530.46,0.83061,-0.52581,1.0138,0
269.17,16829,-410.8,0,1.0596e+08,2.2571e+06,529,0.91494,-0.22788,1.0026,0
235.81,16730,480,0,9.2691e+07,2.1106e+06,525.28,1.0984,0.36296,1.0066,0
214.81,16276,994.45,0,8.4332e+07,2.025e+06,522.7,1.2003,0.65536,1.0215,0
198.56,15793,1349.7,0,7.7862e+07,1.9606e+06,520.55,1.2708,0.94719,1.045,0
181.79,15152,1671.1,0,7.1185e+07,1.8942e+06,518.17,1.3237,1.2382,1.0769,0
163.41,14329,2038.9,0,6.387e+07,1.8184e+06,515.37,1.3511,1.5282,1.1175,0
146.62,13514,2339.2,0,5.7196e+07,1.7424e+06,512.61,1.3488,1.8168,1.1664,0
130.97,12754,2589.3,0,5.0984e+07,1.6619e+06,509.84,1.3349,2.1039,1.2238,0
117.09,12045,2778.4,0,4.5485e+07,1.5793e+06,507.18,1.3183,2.3892,1.2896,0
104.23,11344,2969.8,0,4.0401e+07,1.4906e+06,504.53,1.3063,2.6724,1.3637,0
90.339,10616,3076.5,0,3.4934e+07,1.3789e+06,501.41,1.3099,2.9534,1.4461,0
76.168,9723.4,3221.6,0,2.9371e+07,1.2445e+06,497.89,1.3242,3.2318,1.5366,0
66.596,9050.7,3260.4,0,2.5626e+07,1.1401e+06,495.25,1.3444,3.5074,1.6353,0
57.895,8376.9,3264.1,0,2.2233e+07,1.0345e+06,492.62,1.3735,3.7801,1.742,0
51.617,7864.6,3181,0,1.9792e+07,9.5135e+05,490.54,1.4016,4.0496,1.8562,0
47.834,7584.1,3022.2,0,1.8326e+07,8.9823e+05,489.19,1.4241,4.3198,1.969,0
45.242,7435.2,2816.7,0,1.7326e+07,8.6048e+05,488.22,1.4447,4.5925,2.0757,0
43.436,7341.8,2618.8,0,1.663e+07,8.3351e+05,487.52,1.4601,4.8674,2.1765,0
41.933,7261.3,2428,0,1.6051e+07,8.1064e+05,486.93,1.4729,5.1443,2.2715,0
40.63,7185.8,2248.4,0,1.5548e+07,7.9049e+05,486.4,1.4839,5.423,2.361,0
39.389,7107.7,2078.2,0,1.5069e+07,7.7102e+05,485.88,1.4949,5.7034,2.4452,0
38.124,7019.6,1914.7,0,1.4582e+07,7.509e+05,485.34,1.5067,5.9854,2.5242,0
36.547,6888.8,1744,0,1.3975e+07,7.2539e+05,484.65,1.5214,6.2686,2.5982,0
35.385,6787.2,1599.9,0,1.3526e+07,7.063e+05,484.12,1.532,6.5531,2.6674,0
34.302,6688.6,1463.5,0,1.3109e+07,6.883e+05,483.62,1.5423,6.8387,2.732,0
33.269,6589.5,1334.5,0,1.2711e+07,6.7091e+05,483.13,1.5525,7.1252,2.792,0
32.272,6490.1,1212.5,0,1.2327e+07,6.5395e+05,482.64,1.563,7.4127,2.8477,0
31.329,6385.9,1092.7,0,1.1963e+07,6.3772e+05,482.17,1.5717,7.7009,2.8991,0
30.486,6293.6,985.93,0,1.1638e+07,6.2307e+05,481.74,1.5807,7.9899,2.9463,0
29.82,6223.2,891.72,0,1.1382e+07,6.114e+05,481.39,1.589,8.2795,2.9894,0
29.104,6154,797.44,0,1.1109e+07,5.9875e+05,481.01,1.6007,8.5696,3.0287,0
28.7,6116.1,716.31,0,1.0955e+07,5.9158e+05,480.79,1.6072,8.8602,3.0641,0
28.268,6070.4,632.76,0,1.079e+07,5.8387e+05,480.55,1.6135,9.1513,3.0957,0
27.82,6019.6,551.07,0,1.0618e+07,5.7582e+05,480.31,1.6198,9.4427,3.1237,0
27.406,5970.4,472.99,0,1.0459e+07,5.6838e+05,480.08,1.6254,9.7345,3.1481,0
27.093,5933.7,400.48,0,1.0339e+07,5.6271e+05,479.9,1.6299,10.027,3.169,0
26.653,5875.6,327.51,0,1.017e+07,5.5472e+05,479.65,1.6355,10.319,3.1865,0
26.105,5795.6,258.5,0,9.9579e+06,5.4469e+05,479.32,1.6413,10.611,3.2007,0
25.827,5761.7,191.43,0,9.8521e+06,5.396e+05,479.16,1.6461,10.904,3.2116,0
25.518,5716.6,132.63,0,9.733e+06,5.3392e+05,478.98,1.6497,11.196,3.2193,0
25.49,5718.6,69.485,0,9.7233e+06,5.334e+05,478.96,1.6515,11.489,3.2239,0
362.57,3599.8,-3.6915,0,1.4285e+08,2.9325e+06,538.02,0.088194,-11.582,0,0
362.56,3632.3,-8.1243,0,1.4284e+08,2.9323e+06,538.02,0.088998,-11.283,0,0
362.53,3676.5,-4.2329,0,1.4284e+08,2.932e+06,538.02,0.090107,-10.984,0,0
362.51,3714.1,-4.7425,0,1.4283e+08,2.9317e+06,538.01,0.091051,-10.685,0,0
362.47,3755,-3.8945,0,1.4281e+08,2.9313e+06,538.01,0.092091,-10.387,0,0
362.44,3799.4,-4.9319,0,1.428e+08,2.9309e+06,538.01,0.093214,-10.088,0,0
362.39,3848.1,-6.7655,0,1.4278e+08,2.9302e+06,538,0.094461,-9.7891,0,0
362.34,3911.8,-9.0358,0,1.4276e+08,2.9296e+06,538,0.096075,-9.4903,0,0
362.28,3991.7,-10.878,0,1.4274e+08,2.9289e+06,537.99,0.098103,-9.1916,0,0
362.2,4081.3,-11.658,0,1.4271e+08,2.9279e+06,537.99,0.10039,-8.8928,0,0
362.12,4180.8,-12.847,0,1.4268e+08,2.9269e+06,537.98,0.10293,-8.594,0,0
362.03,4297,-14.965,0,1.4264e+08,2.9258e+06,537.97,0.10589,-8.2953,0,0
361.94,4439.7,-17.838,0,1.4261e+08,2.9246e+06,537.96,0.10953,-7.9965,0,0
361.79,4607,-19.249,0,1.4255e+08,2.9228e+06,537.95,0.11383,-7.6977,0,0
361.65,4806.7,-22.988,0,1.425e+08,2.9211e+06,537.94,0.11895,-7.399,0,0
361.42,5062.9,-27.556,0,1.4241e+08,2.9183e+06,537.91,0.12561,-7.1002,0,0
361.07,5310.7,-29.271,0,1.4227e+08,2.914e+06,537.88,0.13226,-6.8014,0,0
360.75,5697.6,-88.806,0,1.4215e+08,2.9102e+06,537.85,0.14241,-6.5027,0,0
360.26,6090.7,-75.008,0,1.4196e+08,2.9042e+06,537.81,0.15306,-6.2039,0,0
359.67,6467,-71.898,0,1.4173e+08,2.8971e+06,537.75,0.16356,-5.9051,0,0
359.05,6861.2,-71.63,0,1.4149e+08,2.8897e+06,537.7,0.17471,-5.6063,0,0
358.27,7265.7,-61.906,0,1.4119e+08,2.8806e+06,537.62,0.18659,-5.3076,0,0
357.37,7683.2,-58.158,0,1.4084e+08,2.8702e+06,537.54,0.19924,-5.0088,0,0
356.38,8195.9,-104.02,0,1.4046e+08,2.8589e+06,537.45,0.21483,-4.71,0,0
355.29,8959.5,-92.369,0,1.4004e+08,2.8467e+06,537.35,0.23763,-4.4113,0,0
353.43,9632,-97.024,0,1.3931e+08,2.8263e+06,537.18,0.26062,-4.1125,0,0
351.55,10240,-109.79,0,1.3857e+08,2.8061e+06,537,0.28271,-3.8137,0,0
349.28,10934,-130.68,0,1.3769e+08,2.7826e+06,536.79,0.30923,-3.515,0,0
346.75,11653,-136.83,0,1.367e+08,2.7574e+06,536.56,0.33843,-3.2162,0,0
343.74,12380,-122.83,0,1.3552e+08,2.7285e+06,536.28,0.37096,-2.9174,0,0
340.14,13125,-118.09,0,1.3411e+08,2.6956e+06,535.94,0.408,-2.6187,0,0
335.73,13857,-109.89,0,1.3237e+08,2.6575e+06,535.53,0.45017,-2.3199,0,0
330.62,14552,-100.95,0,1.3036e+08,2.6162e+06,535.05,0.49679,-2.0211,0,0
324.95,15169,-83.102,0,1.2812e+08,2.5734e+06,534.52,0.5461,-1.7224,0,0
318.48,15688,-69.405,0,1.2556e+08,2.528e+06,533.91,0.59853,-1.4236,0,0
310.74,16131,-61.867,0,1.2249e+08,2.4778e+06,533.17,0.65717,-1.1248,0,0
301.34,16560,-63.779,0,1.1876e+08,2.4218e+06,532.26,0.72657,-0.82605,0,0
289.78,16932,-53.689,0,1.1418e+08,2.3587e+06,531.12,0.80727,-0.52728,0,0
276.9,17168,-45.546,0,1.0906e+08,2.2939e+06,529.81,0.89029,-0.22851,0,0
247.11,17207,-20.899,0,9.7212e+07,2.1585e+06,526.59,1.0609,0.36305,0,0
231.4,16952,11.583,0,9.0958e+07,2.0923e+06,524.76,1.1398,0.65585,0,0
214.11,16584,-15.814,0,8.4078e+07,2.0222e+06,522.61,1.2254,0.94864,0,0
197.66,16096,30.384,0,7.7527e+07,1.9571e+06,520.42,1.2964,1.2414,0,0
182.69,15557,62.986,0,7.157e+07,1.8978e+06,518.3,1.3456,1.5342,0,0
167.97,14952,79.717,0,6.5707e+07,1.8376e+06,516.09,1.3733,1.827,0,0
153.28,14312,70.754,0,5.9869e+07,1.7735e+06,513.73,1.3806,2.1198,0,0
137.34,13582,81.615,0,5.3538e+07,1.696e+06,510.99,1.3698,2.4126,0,0
121.79,12835,92.143,0,4.737e+07,1.6085e+06,508.1,1.35,2.7054,0,0
107.83,12145,98.963,0,4.1851e+07,1.5168e+06,505.29,1.3352,2.9982,0,0
96.421,11540,104.39,0,3.7347e+07,1.4301e+06,502.81,1.328,3.291,0,0
84.746,10891,98.658,0,3.2755e+07,1.3286e+06,500.07,1.3313,3.5838,0,0
71.659,10087,108.35,0,2.7625e+07,1.1969e+06,496.69,1.3497,3.8766,0,0
62.276,9429.6,83.953,0,2.3958e+07,1.0891e+06,493.99,1.3739,4.1694,0,0
55.885,8919.5,67.272,0,2.1466e+07,1.0086e+06,491.98,1.3952,4.4622,0,0
49.733,8407,50.257,0,1.9076e+07,9.2523e+05,489.89,1.426,4.755,0,0
44.822,7960.6,49.037,0,1.7173e+07,8.5429e+05,488.07,1.4565,5.0478,0,0
40.921,7572.9,56.473,0,1.5663e+07,7.9503e+05,486.52,1.4843,5.3405,0,0
37.542,7211.3,58.773,0,1.4358e+07,7.4153e+05,485.09,1.5115,5.6333,0,0
34.586,6872.9,60.872,0,1.3217e+07,6.9302e+05,483.75,1.538,5.9261,0,0
32.084,6570,59.796,0,1.2252e+07,6.507e+05,482.54,1.5629,6.2189,0,0
29.96,6300.9,57.456,0,1.1435e+07,6.1384e+05,481.45,1.5864,6.5117,0,0
28.172,6065.3,53.161,0,1.0747e+07,5.8212e+05,480.49,1.6082,6.8045,0,0
26.744,5867.8,45.681,0,1.0198e+07,5.5634e+05,479.68,1.6262,7.0973,0,0
25.616,5705,34.729,0,9.7637e+06,5.357e+05,479.02,1.6406,7.3901,0,0
24.744,5576.9,23.647,0,9.4285e+06,5.1956e+05,478.49,1.6525,7.6829,0,0
24.046,5474.3,34.55,0,9.1607e+06,5.0654e+05,478.06,1.6629,7.9757,0,0
23.389,5376.2,29.794,0,8.9087e+06,4.9419e+05,477.64,1.6731,8.2685,0,0
22.925,5308.2,15.687,0,8.7311e+06,4.854e+05,477.33,1.6812,8.5613,0,0
22.638,5265.8,9.5965,0,8.6214e+06,4.7996e+05,477.14,1.6863,8.8541,0,0
22.453,5236.5,6.3299,0,8.5502e+06,4.7643e+05,477.02,1.6891,9.1469,0,0
22.331,5216.2,3.2768,0,8.5032e+06,4.7411e+05,476.93,1.6906,9.4397,0,0
22.238,5202.3,1.2892,0,8.4677e+06,4.7233e+05,476.87,1.6924,9.7324,0,0
22.182,5193.6,0.83506,0,8.4459e+06,4.7125e+05,476.83,1.6933,10.025,0,0
22.137,5187.1,0.90006,0,8.4288e+06,4.7039e+05,476.8,1.6942,10.318,0,0
22.126,5185.3,0.15569,0,8.4246e+06,4.7018e+05,476.79,1.6944,10.611,0,0
22.13,5186,-0.054864,0,8.4263e+06,4.7026e+05,476.8,1.6943,10.904,0,0
22.156,5189.9,-0.50061,0,8.4361e+06,4.7076e+05,476.82,1.6938,11.196,0,0
22.201,5196.7,-0.13191,0,8.4533e+06,4.7161e+05,476.85,1.6931,11.489,0,0
362.62,3506.2,-5.3222,0,1.4287e+08,2.9331e+06,538.02,0.085849,-13.88,0.29408,0
362.62,3503.4,-9.3898,0,1.4287e+08,2.9331e+06,538.02,0.08578,-13.88,0.58815,0
362.62,3498.8,-13.382,0,1.4287e+08,2.9332e+06,538.02,0.085667,-13.88,0.88223,0
362.62,3493,-17.384,0,1.4287e+08,2.9332e+06,538.03,0.085521,-13.88,1.1763,0
362.63,3484.8,-22.173,0,1.4287e+08,2.9333e+06,538.03,0.085317,-13.88,1.4704,0
362.64,3476,-24.205,0,1.4288e+08,2.9333e+06,538.03,0.085097,-13.88,1.7645,0
362.64,3466.7,-24.841,0,1.4288e+08,2.9334e+06,538.03,0.084863,-13.88,2.0585,0
362.65,3456,-26.624,0,1.4288e+08,2.9335e+06,538.03,0.084597,-13.88,2.3526,0
362.65,3443.9,-26.155,0,1.4288e+08,2.9335e+06,538.03,0.084297,-13.88,2.6467,0
362.66,3434.8,-24.878,0,1.4288e+08,2.9336e+06,538.03,0.084068,-13.88,2.9408,0
362.66,3428.1,-22.522,0,1.4289e+08,2.9337e+06,538.03,0.083901,-13.88,3.2348,0
362.67,3421.7,-19.062,0,1.4289e+08,2.9337e+06,538.03,0.083737,-13.88,3.5289,0
362.67,3415.8,-15.893,0,1.4289e+08,2.9338e+06,538.03,0.083588,-13.88,3.823,0
362.67,3410.1,-12.013,0,1.4289e+08,2.9338e+06,538.03,0.083445,-13.88,4.1171,0
362.68,3406.2,-8.0172,0,1.4289e+08,2.9339e+06,538.03,0.083348,-13.88,4.4111,0
362.68,3404.4,-4.5361,0,1.4289e+08,2.9339e+06,538.03,0.083303,-13.88,4.7052,0
22.25,5204.4,-7.5162,0,8.4721e+06,4.7255e+05,476.88,1.6923,11.782,0.29322,0
22.313,5213.7,-15.089,0,8.4964e+06,4.7376e+05,476.92,1.691,11.782,0.58643,0
22.415,5228.6,-21.33,0,8.5353e+06,4.757e+05,476.99,1.6891,11.782,0.87965,0
22.566,5251,-24.957,0,8.5932e+06,4.7859e+05,477.1,1.6863,11.782,1.1729,0
22.789,5284.2,-31.088,0,8.6784e+06,4.8283e+05,477.25,1.6824,11.782,1.4661,0
23.056,5327,-27.573,0,8.7815e+06,4.879e+05,477.43,1.6787,11.782,1.7593,0
23.376,5379.5,-19.141,0,8.9053e+06,4.9395e+05,477.64,1.6749,11.782,2.0525,0
23.826,5449.8,-5.8017,0,9.0787e+06,5.0243e+05,477.93,1.6687,11.782,2.3457,0
24.294,5522.4,14.222,0,9.2588e+06,5.1119e+05,478.22,1.6626,11.782,2.639,0
24.79,5603.9,28.41,0,9.4514e+06,5.2044e+05,478.53,1.6578,11.782,2.9322,0
362.67,3398.6,-0.2972,0,1.4289e+08,2.9338e+06,538.03,0.083168,-13.595,4.9993,0
362.67,3394.8,-0.54392,0,1.4289e+08,2.9338e+06,538.03,0.083072,-13.309,4.9993,0
362.68,3387.3,-1.5415,0,1.4289e+08,2.9339e+06,538.03,0.082884,-13.023,4.9993,0
362.68,3380,-0.88806,0,1.4289e+08,2.9339e+06,538.03,0.082706,-12.738,4.9993,0
362.67,3373.9,-0.69845,0,1.4289e+08,2.9338e+06,538.03,0.082559,-12.452,4.9993,0
362.65,3365.2,-1.7597,0,1.4288e+08,2.9335e+06,538.03,0.082371,-12.166,4.9993,0
362.63,3512.6,-0.14371,0,1.4287e+08,2.9332e+06,538.03,0.085998,-13.595,0,0
362.62,3518.8,-1.4523,0,1.4287e+08,2.9332e+06,538.02,0.086156,-13.309,0,0
362.62,3527.9,-1.1691,0,1.4287e+08,2.9331e+06,538.02,0.086384,-13.023,0,0
362.61,3537.4,-0.86671,0,1.4287e+08,2.933e+06,538.02,0.086622,-12.738,0,0
362.6,3548.1,-1.0998,0,1.4286e+08,2.933e+06,538.02,0.086888,-12.452,0,0
362.6,3561.2,-1.9237,0,1.4286e+08,2.9328e+06,538.02,0.087217,-12.166,0,0
362.53,3612.2,-28.866,0,1.4284e+08,2.932e+06,538.02,0.088533,-11.496,0.30445,0
362.55,3587.9,-19.735,0,1.4284e+08,2.9323e+06,538.02,0.087916,-11.788,0.28933,0
362.55,3596.2,-42.232,0,1.4284e+08,2.9322e+06,538.02,0.088129,-11.69,0.55792,0
362.61,3523,-7.951,0,1.4286e+08,2.933e+06,538.02,0.086271,-13.087,0.2571,0
362.6,3532.4,-7.5642,0,1.4286e+08,2.9329e+06,538.02,0.086509,-12.809,0.22042,0
362.66,3659.4,-1093.4,0,1.4289e+08,2.9338e+06,538.03,0.093467,-8.6568,3.4053,0
362.72,3595.2,-1004.6,0,1.4291e+08,2.9345e+06,538.04,0.091297,-8.8938,3.5418,0
362.73,3632.9,-1160.8,0,1.4292e+08,2.9346e+06,538.04,0.093261,-8.6187,3.6045,0
362.69,3381.5,-7.3231,0,1.429e+08,2.934e+06,538.03,0.082734,-12.81,4.7233,0
362.68,3389,-8.4957,0,1.4289e+08,2.934e+06,538.03,0.08292,-13.067,4.6891,0
25.536,5704.8,225.03,0,9.737e+06,5.3424e+05,478.98,1.6462,10.581,2.8517,0
25.53,5711.6,206.6,0,9.7362e+06,5.3412e+05,478.98,1.6483,10.784,3.0101,0
26.015,5773.4,285.06,0,9.9218e+06,5.4306e+05,479.27,1.6403,10.342,2.941,0
362.73,3677.9,-1317,0,1.4292e+08,2.9346e+06,538.04,0.095531,-8.3651,3.6478,0
362.67,3761.3,-1414.1,0,1.4289e+08,2.9338e+06,538.03,0.098335,-8.138,3.4743,0
362.66,3710.4,-1235.2,0,1.4289e+08,2.9338e+06,538.03,0.095701,-8.4107,3.407,0
29.151,6142.2,833.94,0,1.1125e+07,5.9959e+05,481.03,1.5968,8.2438,2.632,0
28.243,6032.6,719.22,0,1.0775e+07,5.8341e+05,480.54,1.6073,8.5516,2.5659,0
27.755,5966.1,664.12,0,1.0586e+07,5.7465e+05,480.26,1.6118,8.418,2.2706,0
362.52,3797.8,-1303.4,0,1.4284e+08,2.932e+06,538.02,0.098419,-8.185,3.1855,0
27.588,5952.3,628.63,0,1.0523e+07,5.7165e+05,480.17,1.6153,8.8444,2.5759,0
27.09,5882.9,579.14,0,1.033e+07,5.6264e+05,479.89,1.6203,8.6982,2.2681,0
239.84,17085,109.01,0,9.4315e+07,2.1275e+06,525.76,1.0967,0.48142,0.24758,0
228.42,16903,244.55,0,8.9773e+07,2.0801e+06,524.4,1.1554,0.69735,0.32036,0
27.051,5886.3,545.22,0,1.0316e+07,5.6193e+05,479.87,1.6223,9.1399,2.6042,0
26.516,5810.5,503.25,0,1.011e+07,5.522e+05,479.56,1.6282,8.9932,2.2972,0
217.53,16654,272.64,0,8.5435e+07,2.0359e+06,523.04,1.2082,0.89723,0.25597,0
26.604,5830.9,466.27,0,1.0145e+07,5.5381e+05,479.61,1.6283,9.4435,2.6427,0
26.027,5748,429.39,0,9.922e+06,5.4326e+05,479.27,1.635,9.29,2.3285,0
22.454,5236.1,41.038,0,8.5506e+06,4.7645e+05,477.02,1.6889,10.081,0.80222,0
22.67,5268.7,63.647,0,8.6335e+06,4.8057e+05,477.17,1.6853,9.9665,0.96305,0
22.585,5255.5,50.867,0,8.6008e+06,4.7895e+05,477.11,1.6865,10.176,0.98464,0
362.51,3637.9,-42.721,0,1.4283e+08,2.9318e+06,538.01,0.089187,-11.202,0.3775,0
362.53,3616.3,-59.437,0,1.4284e+08,2.9321e+06,538.02,0.088639,-11.419,0.64634,0
362.51,3644.2,-73.601,0,1.4283e+08,2.9318e+06,538.01,0.089353,-11.08,0.65584,0
79.966,10629,931.76,0,3.0885e+07,1.2828e+06,498.87,1.3437,3.5699,0.44058,0
71.84,10096,988.52,0,2.7701e+07,1.1988e+06,496.73,1.3554,3.8433,0.43348,0
78.13,10523,615.6,0,3.0165e+07,1.2645e+06,498.41,1.3439,3.6939,0.2314,0
74.978,10222,1360.8,0,2.8925e+07,1.2322e+06,497.58,1.3447,3.6994,0.66041,0
197.27,15912,1094.6,0,7.7362e+07,1.9556e+06,520.37,1.287,1.0514,0.77805,0
177.85,15153,1428,0,6.9629e+07,1.8784e+06,517.59,1.3442,1.4009,0.87811,0
184.66,15542,1046.5,0,7.2348e+07,1.9057e+06,518.59,1.3354,1.3234,0.65298,0
317.33,15374,-1382.3,0,1.2509e+08,2.5203e+06,533.8,0.59482,-1.5138,0.67836,0
318.36,14959,-1916.6,0,1.2548e+08,2.5272e+06,533.89,0.57598,-1.5852,0.90207,0
310.24,15729,-1489.2,0,1.2228e+08,2.4747e+06,533.12,0.64633,-1.2385,0.79737,0
362.62,3511,-14.229,0,1.4287e+08,2.9331e+06,538.02,0.085968,-13.387,0.63132,0
362.61,3515.6,-7.7127,0,1.4287e+08,2.9331e+06,538.02,0.086084,-13.345,0.34483,0
362.62,3508.4,-9.1171,0,1.4287e+08,2.9332e+06,538.02,0.085902,-13.615,0.443,0
362.53,3618.6,-88.857,0,1.4283e+08,2.932e+06,538.02,0.088718,-11.212,0.88711,0
362.67,3402.1,-7.8107,0,1.4289e+08,2.9338e+06,538.03,0.083249,-13.615,4.5563,0
362.68,3396.2,-7.9987,0,1.4289e+08,2.9339e+06,538.03,0.0831,-13.343,4.6095,0
362.68,3399.8,-12.949,0,1.4289e+08,2.9339e+06,538.03,0.083191,-13.389,4.352,0
362.66,3427.6,-60.906,0,1.4289e+08,2.9337e+06,538.03,0.083899,-12.819,2.9257,0
362.66,3435.2,-51.029,0,1.4288e+08,2.9336e+06,538.03,0.084084,-13.115,2.8212,0
362.66,3421.9,-52.131,0,1.4289e+08,2.9337e+06,538.03,0.083753,-12.995,3.0663,0
345.54,11302,-1979.5,0,1.3621e+08,2.7456e+06,536.45,0.33743,-3.1881,0.81841,0
348.06,10658,-2030.1,0,1.372e+08,2.7703e+06,536.68,0.3108,-3.4544,0.86037,0
346.39,10866,-2543.7,0,1.3654e+08,2.7538e+06,536.52,0.32531,-3.3011,1.0745,0
347.36,11016,-1472.4,0,1.3693e+08,2.7633e+06,536.61,0.32072,-3.3601,0.62073,0
22.639,5261.1,-13.464,0,8.621e+06,4.7998e+05,477.15,1.6847,11.453,1.3242,0
22.433,5231.5,-14.73,0,8.5423e+06,4.7605e+05,477.01,1.6888,11.476,0.97156,0
22.445,5234,1.2086,0,8.5472e+06,4.7629e+05,477.02,1.6888,11.146,1.0745,0
352.83,9405.5,-1140.1,0,1.3907e+08,2.8197e+06,537.12,0.258,-4.1092,0.51591,0
351.78,9868.8,-597.04,0,1.3866e+08,2.8085e+06,537.02,0.27229,-3.9604,0.30128,0
353.49,9280,-553.25,0,1.3933e+08,2.8268e+06,537.18,0.25137,-4.211,0.23322,0
362.66,3428.2,-39.769,0,1.4288e+08,2.9337e+06,538.03,0.083907,-13.285,3.0532,0
362.65,3441.6,-62.145,0,1.4288e+08,2.9336e+06,538.03,0.084249,-12.843,2.6726,0
362.65,3449.3,-51.275,0,1.4288e+08,2.9335e+06,538.03,0.084436,-13.098,2.5387,0
58.93,9182.8,531.9,0,2.2658e+07,1.0477e+06,492.96,1.3888,4.3519,0.30318,0
67.429,9813,581.81,0,2.5975e+07,1.1498e+06,495.51,1.3634,4.0143,0.24689,0
52.588,8680.6,756.98,0,2.0194e+07,9.6464e+05,490.88,1.421,4.5923,0.44783,0
56.664,8945.5,1069.3,0,2.1774e+07,1.0187e+06,492.24,1.3961,4.4167,0.58551,0
50.348,8414,1088.5,0,1.9319e+07,9.3385e+05,490.11,1.4265,4.6866,0.67348,0
52.955,8563.1,1475,0,2.0329e+07,9.6966e+05,491.01,1.4101,4.5333,0.8528,0
52.149,8640.7,414.29,0,2.002e+07,9.5868e+05,490.73,1.4189,4.6529,0.24756,0
355.27,7615.7,-3228.1,0,1.4001e+08,2.8464e+06,537.35,0.21942,-4.5079,1.8,0
353.6,8269.9,-3204.4,0,1.3936e+08,2.828e+06,537.19,0.23953,-4.1904,1.6476,0
355.1,8068,-2834.3,0,1.3995e+08,2.8446e+06,537.33,0.22725,-4.5017,1.5094,0
22.522,5247,51.129,0,8.577e+06,4.7776e+05,477.07,1.688,9.8657,0.77003,0
22.152,5189.7,-0.20265,0,8.4349e+06,4.7069e+05,476.81,1.694,11.038,0.27942,0
22.178,5193.6,-2.9536,0,8.4448e+06,4.7118e+05,476.83,1.6936,11.317,0.28183,0
22.166,5192.4,3.5172,0,8.4404e+06,4.7096e+05,476.82,1.6939,10.824,0.39682,0
22.146,5188.9,3.0277,0,8.4325e+06,4.7057e+05,476.81,1.6942,10.58,0.23154,0
22.221,5201,10.745,0,8.4614e+06,4.72e+05,476.86,1.6931,10.556,0.53661,0
22.566,5251.4,20.093,0,8.5931e+06,4.7859e+05,477.1,1.6864,10.892,1.2513,0
22.428,5232,15.545,0,8.5408e+06,4.7596e+05,477,1.6893,10.841,1.0276,0
22.203,5197.3,-3.3148,0,8.4543e+06,4.7166e+05,476.85,1.6931,11.521,0.16921,0
22.541,5247.8,32.067,0,8.5835e+06,4.781e+05,477.08,1.687,10.622,1.1448,0
22.82,5289.8,62.893,0,8.6906e+06,4.8342e+05,477.27,1.6822,10.448,1.3461,0
22.725,5274.6,41.982,0,8.654e+06,4.8162e+05,477.2,1.6835,10.706,1.3829,0
362.6,3542.1,-6.7007,0,1.4286e+08,2.9328e+06,538.02,0.08675,-12.582,0.17198,0
362.59,3552.7,-10.961,0,1.4286e+08,2.9327e+06,538.02,0.087019,-12.345,0.22535,0
362.69,3362.5,-9.2328,0,1.429e+08,2.934e+06,538.03,0.082268,-12.354,4.7556,0
362.69,3374.4,-5.1666,0,1.429e+08,2.934e+06,538.03,0.082558,-12.577,4.8134,0
362.67,3416.3,-21.836,0,1.4289e+08,2.9337e+06,538.03,0.083606,-13.642,3.68,0
362.66,3421.3,-26.224,0,1.4289e+08,2.9337e+06,538.03,0.083732,-13.619,3.4096,0
242.47,16953,226.4,0,9.5353e+07,2.1387e+06,526.06,1.0725,0.36292,0.67041,0
226.2,16689,536.58,0,8.8877e+07,2.071e+06,524.13,1.1552,0.54783,0.81947,0
252.89,17027,8.7536,0,9.9499e+07,2.1836e+06,527.24,1.0164,0.14119,0.74229,0
255.22,17161,17.495,0,1.0043e+08,2.1938e+06,527.5,1.0111,0.1694,0.47342,0
362.63,3481.8,-29.465,0,1.4287e+08,2.9333e+06,538.03,0.08524,-13.596,1.6476,0
362.63,3491.4,-24.396,0,1.4287e+08,2.9333e+06,538.03,0.085478,-13.655,1.3913,0
33.505,6573.9,1377.7,0,1.2794e+07,6.7488e+05,483.23,1.5422,6.3456,1.7819,0
34.685,6685.1,1510.6,0,1.3248e+07,6.9467e+05,483.79,1.5301,6.0459,1.6935,0
35.419,6751.3,1615.5,0,1.3532e+07,7.0684e+05,484.13,1.5239,6.1028,2.0057,0
32.893,6527.1,1264.6,0,1.2559e+07,6.645e+05,482.93,1.5496,6.29,1.4884,0
37.654,6951.9,1885.3,0,1.4396e+07,7.4332e+05,485.13,1.5062,5.9205,2.2133,0
36.176,6838.5,1699.7,0,1.3828e+07,7.1931e+05,484.47,1.521,6.1917,2.2899,0
34.203,6645.1,1459,0,1.3064e+07,6.8663e+05,483.56,1.5361,6.4242,2.071,0
32.13,6441.3,1206.6,0,1.2265e+07,6.5149e+05,482.56,1.5571,6.6535,1.8345,0
31.442,6377.9,1113.5,0,1.2002e+07,6.3965e+05,482.22,1.566,6.5669,1.5761,0
34.918,6729.2,1549.8,0,1.3343e+07,6.9855e+05,483.9,1.5334,6.5019,2.3472,0
32.975,6530.3,1307.1,0,1.2591e+07,6.6591e+05,482.98,1.5491,6.7252,2.1278,0
31.102,6332.2,1075.9,0,1.1869e+07,6.3377e+05,482.05,1.5676,6.9407,1.8933,0
30.074,6229.5,945.36,0,1.1475e+07,6.1585e+05,481.52,1.5813,6.9184,1.5569,0
33.794,6626.5,1412.9,0,1.291e+07,6.7976e+05,483.37,1.5448,6.7946,2.4168,0
31.854,6420.8,1170.7,0,1.216e+07,6.4675e+05,482.43,1.5618,7.03,2.1925,0
30.245,6241.5,973.11,0,1.154e+07,6.1884e+05,481.6,1.5779,7.2315,1.9381,0
29.456,6158.4,878.34,0,1.1238e+07,6.0497e+05,481.19,1.5886,7.1899,1.6681,0
32.792,6528.6,1284.5,0,1.2525e+07,6.6281e+05,482.89,1.5547,7.0813,2.4927,0
30.82,6319.3,1046.8,0,1.1764e+07,6.2887e+05,481.9,1.5751,7.3531,2.2588,0
29.769,6202.2,913.43,0,1.136e+07,6.1048e+05,481.36,1.5868,7.6186,2.1788,0
30.794,6319.6,1042.1,0,1.1755e+07,6.2842e+05,481.89,1.5761,7.6009,2.5079,0
24.798,5583.1,111.16,0,9.4492e+06,5.2057e+05,478.53,1.6515,7.7497,0.21431,0
24.486,5541.7,145.88,0,9.3307e+06,5.1477e+05,478.33,1.6576,7.9101,0.33268,0
29.299,6137.2,857.71,0,1.1177e+07,6.022e+05,481.11,1.5896,7.503,1.9566,0
362.73,3360.9,-221.3,0,1.4291e+08,2.9345e+06,538.04,0.082371,-11.283,3.5271,0
362.73,3376.8,-273.97,0,1.4291e+08,2.9345e+06,538.04,0.082852,-10.995,3.3824,0
362.71,3387.8,-225.34,0,1.429e+08,2.9343e+06,538.03,0.083049,-11.251,3.2311,0
362.46,3708.7,-71.38,0,1.4281e+08,2.9311e+06,538.01,0.090984,-10.619,0.47821,0
362.48,3678.2,-93.944,0,1.4282e+08,2.9314e+06,538.01,0.090224,-10.791,0.69334,0
362.47,3714,-116.08,0,1.4281e+08,2.9312e+06,538.01,0.091134,-10.489,0.78374,0
26.613,5823.1,523.38,0,1.0147e+07,5.5397e+05,479.61,1.627,7.6608,1.1881,0
25.398,5658.1,358.15,0,9.6791e+06,5.3168e+05,478.89,1.6424,7.8434,0.91534,0
26.247,5778.4,447.01,0,1.0006e+07,5.4728e+05,479.4,1.6322,7.5317,0.92311,0
362.77,3454.7,-681.76,0,1.4293e+08,2.935e+06,538.04,0.086079,-9.6401,3.6473,0
362.81,3429,-692.27,0,1.4295e+08,2.9356e+06,538.04,0.08547,-9.711,3.8887,0
362.83,3464,-786.52,0,1.4295e+08,2.9358e+06,538.04,0.086775,-9.4995,3.9148,0
362.78,3409.4,-591.32,0,1.4293e+08,2.9352e+06,538.04,0.084576,-9.8973,3.7379,0
199.45,16125,641.29,0,7.824e+07,1.9642e+06,520.67,1.288,1.1245,0.47438,0
191.22,15875,366.89,0,7.4963e+07,1.9317e+06,519.53,1.3202,1.3482,0.22163,0
204.22,16297,260.82,0,8.0139e+07,1.983e+06,521.31,1.2693,1.0964,0.19739,0
362.49,3674.2,-125.2,0,1.4282e+08,2.9315e+06,538.01,0.09014,-10.72,0.9218,0
362.49,3684.7,-151.72,0,1.4282e+08,2.9315e+06,538.01,0.090429,-10.538,1.0701,0
362.63,3492.3,-58.558,0,1.4287e+08,2.9332e+06,538.03,0.085512,-12.72,1.7188,0
362.62,3502.7,-49.378,0,1.4287e+08,2.9332e+06,538.02,0.085771,-12.802,1.4799,0
362.63,3487.5,-47.696,0,1.4287e+08,2.9333e+06,538.03,0.085386,-12.966,1.7093,0
23.816,5446.1,117.18,0,9.074e+06,5.0222e+05,477.91,1.6686,8.2583,0.33941,0
24.257,5506.7,178.43,0,9.2425e+06,5.1048e+05,478.19,1.6609,8.0963,0.4858,0
24.052,5472.8,193.85,0,9.163e+06,5.0664e+05,478.06,1.6631,8.3548,0.65043,0
362.63,3498.4,-39.83,0,1.4287e+08,2.9332e+06,538.03,0.085658,-13.074,1.4553,0
24.231,5503.2,203.53,0,9.2331e+06,5.1001e+05,478.18,1.6617,10.071,2.053,0
24.426,5533.3,194.66,0,9.3083e+06,5.1366e+05,478.3,1.659,10.268,2.2339,0
23.896,5453.8,149.49,0,9.1041e+06,5.0372e+05,477.97,1.6664,10.327,1.9896,0
25.934,5729.4,452.55,0,9.8854e+06,5.4155e+05,479.22,1.6353,8.0182,1.2513,0
24.748,5569.2,299.5,0,9.4301e+06,5.1964e+05,478.5,1.6523,8.1751,0.94577,0
362.77,3710.3,-1483.4,0,1.4294e+08,2.9352e+06,538.04,0.09767,-8.1011,3.7352,0
362.79,3653.1,-1372.1,0,1.4294e+08,2.9353e+06,538.04,0.095367,-8.3416,3.8853,0
362.84,3671.5,-1434.5,0,1.4296e+08,2.9359e+06,538.05,0.096282,-8.3035,4.0985,0
362.82,3704.3,-1539.4,0,1.4296e+08,2.9358e+06,538.05,0.097996,-8.0953,3.9718,0
28.42,6048.5,752.15,0,1.0842e+07,5.8657e+05,480.63,1.6041,8.1296,2.2651,0
315.15,15797,-414.82,0,1.2424e+08,2.5059e+06,533.59,0.6205,-1.3601,0.23562,0
320.91,15395,-385.88,0,1.2652e+08,2.5446e+06,534.14,0.57509,-1.5798,0.20501,0
27.094,5881.4,594.05,0,1.0331e+07,5.627e+05,479.89,1.6201,8.3005,1.9364,0
23.433,5387.2,91.968,0,8.9267e+06,4.9501e+05,477.66,1.674,8.47,0.32922,0
23.597,5406.9,153.76,0,8.9887e+06,4.981e+05,477.77,1.6703,8.6286,0.65403,0
24.294,5503.4,250.07,0,9.2554e+06,5.1117e+05,478.21,1.6586,8.4979,0.94857,0
25.196,5628.5,365.39,0,9.6018e+06,5.2795e+05,478.78,1.6453,8.3213,1.2337,0
26.486,5805.4,518.31,0,1.0098e+07,5.5166e+05,479.54,1.6287,8.5846,1.9563,0
25.9,5730.1,458.1,0,9.8736e+06,5.4093e+05,479.2,1.6374,8.5059,1.6859,0
362.57,3568.3,-16.805,0,1.4285e+08,2.9325e+06,538.02,0.087415,-12.082,0.27314,0
362.58,3554.6,-26.903,0,1.4286e+08,2.9327e+06,538.02,0.087071,-12.3,0.51708,0
362.57,3571.9,-40.526,0,1.4285e+08,2.9325e+06,538.02,0.087513,-11.988,0.61364,0
362.59,3548.4,-44.075,0,1.4286e+08,2.9327e+06,538.02,0.086919,-12.275,0.82174,0
23.043,5327.2,66.888,0,8.7766e+06,4.8763e+05,477.41,1.6798,8.7483,0.33148,0
23.212,5350.2,119.24,0,8.8413e+06,4.9085e+05,477.52,1.6765,8.9218,0.6616,0
23.862,5442.7,204.67,0,9.09e+06,5.0308e+05,477.94,1.6656,8.7869,0.9708,0
24.675,5556.1,304.71,0,9.4019e+06,5.1829e+05,478.46,1.6527,8.6056,1.225,0
25.961,5737.4,450.28,0,9.8966e+06,5.4205e+05,479.23,1.636,8.8856,1.9947,0
25.425,5666.3,395.25,0,9.691e+06,5.3218e+05,478.91,1.644,8.8039,1.7182,0
22.718,5278.5,46.316,0,8.6521e+06,4.8147e+05,477.19,1.6852,9.0373,0.34906,0
22.845,5296.5,84.751,0,8.7006e+06,4.8388e+05,477.28,1.6829,9.2157,0.67227,0
23.496,5389.6,164.43,0,8.9497e+06,4.962e+05,477.71,1.6713,9.0826,0.9878,0
24.217,5492.8,253.62,0,9.2264e+06,5.0975e+05,478.17,1.66,8.8971,1.2637,0
25.449,5670.2,382.92,0,9.7002e+06,5.3262e+05,478.93,1.6435,9.1831,2.0237,0
24.946,5601.6,334.21,0,9.5075e+06,5.2333e+05,478.62,1.651,9.0928,1.7616,0
22.483,5241.9,30.714,0,8.5618e+06,4.7699e+05,477.04,1.6889,9.3951,0.3204,0
22.61,5260.7,60.251,0,8.6106e+06,4.7942e+05,477.12,1.6866,9.5929,0.67674,0
23.126,5335.8,121.64,0,8.808e+06,4.8922e+05,477.47,1.6775,9.3858,1.014,0
23.83,5437.4,205.61,0,9.0778e+06,5.0249e+05,477.92,1.6659,9.191,1.2755,0
25.1,5622.1,324.31,0,9.5661e+06,5.2618e+05,478.72,1.6481,9.4872,2.0553,0
24.575,5548.2,279.73,0,9.3645e+06,5.1642e+05,478.39,1.6558,9.4029,1.7905,0
25.666,5701.3,365.52,0,9.7835e+06,5.3663e+05,479.06,1.6401,9.6218,2.3833,0
158.2,14408,1422.7,0,6.1818e+07,1.7957e+06,514.54,1.3753,1.8711,0.7155,0
172.44,15040,1220.4,0,6.7483e+07,1.8563e+06,516.78,1.3624,1.5877,0.6909,0
160.98,14397,1756.6,0,6.2917e+07,1.8079e+06,514.99,1.3652,1.6765,0.95236,0
22.894,5301.5,92.014,0,8.7192e+06,4.8483e+05,477.32,1.6813,9.7389,1.0365,0
23.473,5385.3,158.85,0,8.9409e+06,4.9578e+05,477.7,1.6713,9.5139,1.3014,0
22.353,5221.2,23.917,0,8.512e+06,4.7452e+05,476.95,1.6908,9.7141,0.37195,0
362.51,3647.3,-109.96,0,1.4283e+08,2.9318e+06,538.01,0.08945,-10.968,0.89091,0
362.64,3463.5,-30.879,0,1.4288e+08,2.9334e+06,538.03,0.084783,-13.683,2.1599,0
362.64,3455,-34.304,0,1.4288e+08,2.9335e+06,538.03,0.084575,-13.548,2.3767,0
325.17,14250,-2219.9,0,1.2817e+08,2.5749e+06,534.54,0.5182,-1.8621,0.97962,0
323.46,14705,-1574,0,1.2751e+08,2.5626e+06,534.38,0.53973,-1.7706,0.70902,0
329.09,14017,-1779.5,0,1.2973e+08,2.6043e+06,534.91,0.4894,-2.0482,0.73553,0
24.771,5580.1,269.35,0,9.4402e+06,5.2006e+05,478.51,1.6538,9.8152,2.1453,0
24.281,5507.2,233.46,0,9.2518e+06,5.1094e+05,478.21,1.6603,9.6928,1.8436,0
26.272,5789.6,397.68,0,1.0017e+07,5.4775e+05,479.42,1.6329,9.747,2.6955,0
362.65,3447.1,-30.988,0,1.4288e+08,2.9335e+06,538.03,0.084377,-13.655,2.5783,0
362.63,3488.6,-254.02,0,1.4287e+08,2.9332e+06,538.03,0.085639,-10.941,2.5306,0
362.61,3513.7,-301.03,0,1.4286e+08,2.933e+06,538.02,0.086358,-10.675,2.4786,0
362.61,3517.4,-242.98,0,1.4287e+08,2.933e+06,538.02,0.086337,-10.926,2.3042,0
362.64,3476.5,-289.82,0,1.4288e+08,2.9335e+06,538.03,0.085393,-10.808,2.6976,0
22.537,5247.8,39.685,0,8.5823e+06,4.7804e+05,477.08,1.6872,10.403,1.0449,0
22.351,5220.5,19.109,0,8.5113e+06,4.745e+05,476.95,1.6907,10.632,0.84728,0
23.237,5351.9,126.6,0,8.8506e+06,4.9132e+05,477.54,1.6755,9.8327,1.3661,0
22.852,5294.9,83.124,0,8.7031e+06,4.8403e+05,477.29,1.6819,10.015,1.1641,0
22.759,5279.8,65.084,0,8.6671e+06,4.8226e+05,477.23,1.683,10.234,1.1953,0
362.76,3344,-283.71,0,1.4292e+08,2.9349e+06,538.04,0.082043,-11.001,3.6972,0
362.74,3369.2,-330.12,0,1.4292e+08,2.9347e+06,538.04,0.082776,-10.799,3.5201,0
23.38,5375.5,100.07,0,8.9057e+06,4.9401e+05,477.64,1.6737,10.47,1.7637,0
23.665,5420.5,98.828,0,9.0155e+06,4.9938e+05,477.82,1.6699,10.615,1.9872,0
22.975,5315,62.912,0,8.7506e+06,4.8637e+05,477.37,1.6802,10.609,1.5448,0
23.125,5339,91.543,0,8.8085e+06,4.8921e+05,477.47,1.6783,10.367,1.5719,0
362.66,3428.2,-30.398,0,1.4288e+08,2.9336e+06,538.03,0.083906,-13.6,3.1482,0
362.67,3418.2,-34.463,0,1.4289e+08,2.9337e+06,538.03,0.083655,-13.321,3.35,0
362.67,3413.5,-45.858,0,1.4289e+08,2.9338e+06,538.03,0.083539,-13.034,3.3166,0
362.59,3545.5,-230.04,0,1.4286e+08,2.9327e+06,538.02,0.087025,-10.872,2.0559,0
362.6,3522.8,-202.13,0,1.4286e+08,2.9329e+06,538.02,0.086411,-11.116,2.1353,0
362.58,3548.8,-275.28,0,1.4285e+08,2.9327e+06,538.02,0.08719,-10.687,2.2071,0
362.75,3339.6,-227.99,0,1.4292e+08,2.9348e+06,538.04,0.081838,-11.214,3.7347,0
361.91,4324,-1684.1,0,1.426e+08,2.9245e+06,537.96,0.1145,-7.2413,2.5152,0
362.12,4150.3,-1549.1,0,1.4268e+08,2.927e+06,537.98,0.10907,-7.5362,2.6719,0
362.09,4197.5,-1842,0,1.4267e+08,2.9266e+06,537.98,0.11289,-7.194,2.8421,0
361.94,4292.6,-1427.8,0,1.4261e+08,2.9247e+06,537.96,0.1116,-7.4962,2.332,0
362.28,4069.2,-2021.2,0,1.4275e+08,2.929e+06,538,0.11166,-7.1442,3.1967,0
362.05,4245.8,-2183.5,0,1.4266e+08,2.9262e+06,537.98,0.11763,-6.92,2.9964,0
350.97,10104,-1111.1,0,1.3834e+08,2.8e+06,536.95,0.28235,-3.7843,0.49047,0
362.55,3584,-235.88,0,1.4284e+08,2.9323e+06,538.02,0.088006,-10.731,1.9152,0
362.57,3588.1,-286.22,0,1.4285e+08,2.9325e+06,538.02,0.088178,-10.506,2.0704,0
362.54,3623.1,-267.02,0,1.4284e+08,2.9322e+06,538.02,0.089027,-10.434,1.8694,0
361.86,4438.7,-686.16,0,1.4258e+08,2.9236e+06,537.95,0.1109,-7.9666,1.2898,0
361.72,4495.4,-823.1,0,1.4252e+08,2.922e+06,537.94,0.11301,-7.7495,1.4015,0
361.63,4622.3,-711.21,0,1.4249e+08,2.9209e+06,537.93,0.11576,-7.6985,1.1446,0
362.54,3623.2,-325.66,0,1.4284e+08,2.9322e+06,538.02,0.089147,-10.278,2.0477,0
351.55,9751.8,-1606,0,1.3857e+08,2.8061e+06,537,0.27284,-3.9147,0.72683,0
361.85,4418.8,-964.07,0,1.4257e+08,2.9236e+06,537.95,0.11168,-7.7704,1.651,0
361.56,4643.2,-995.2,0,1.4246e+08,2.92e+06,537.93,0.11763,-7.5211,1.4695,0
25.371,5673.3,240.21,0,9.6719e+06,5.3119e+05,478.88,1.6465,10.358,2.6686,0
24.875,5600,176.43,0,9.4806e+06,5.22e+05,478.58,1.6525,10.61,2.5487,0
24.839,5592.6,198.81,0,9.4666e+06,5.2134e+05,478.56,1.6526,10.394,2.4328,0
362.09,4131.6,-1305.1,0,1.4267e+08,2.9266e+06,537.98,0.10671,-7.8074,2.4281,0
362,4254.8,-1204,0,1.4263e+08,2.9254e+06,537.97,0.10901,-7.7747,2.1196,0
353.04,9184.3,-1712.6,0,1.3915e+08,2.822e+06,537.14,0.25383,-4.1633,0.78372,0
25.049,5622.2,244.75,0,9.5472e+06,5.2523e+05,478.69,1.6499,10.165,2.4658,0
25.885,5745.8,319.87,0,9.8701e+06,5.4066e+05,479.19,1.64,10.058,2.7441,0
23.738,5435.8,4.1357,0,9.0446e+06,5.0077e+05,477.87,1.6698,11.585,2.2676,0
23.474,5395.6,10.366,0,8.9429e+06,4.9579e+05,477.7,1.6738,11.424,2.0967,0
362.51,3644.7,-149.03,0,1.4283e+08,2.9317e+06,538.01,0.089423,-10.808,1.1572,0
362.52,3623.5,-122.2,0,1.4283e+08,2.9319e+06,538.02,0.088865,-11.088,1.0886,0
362.7,3389.4,-93.378,0,1.429e+08,2.9342e+06,538.03,0.082945,-12.261,3.446,0
362.68,3410.3,-89.469,0,1.4289e+08,2.9339e+06,538.03,0.083473,-12.401,3.186,0
362.69,3398.6,-73.652,0,1.4289e+08,2.934e+06,538.03,0.083173,-12.53,3.4573,0
362.67,3411.8,-62.761,0,1.4289e+08,2.9338e+06,538.03,0.083504,-12.733,3.2093,0
23.15,5341.9,-10.508,0,8.8176e+06,4.8967e+05,477.49,1.6774,11.505,1.8274,0
362.48,3671.7,-192.52,0,1.4282e+08,2.9314e+06,538.01,0.09016,-10.496,1.3456,0
362.5,3727.8,-923.11,0,1.4282e+08,2.9316e+06,538.01,0.094158,-8.7735,2.8219,0
362.46,3735.1,-736.28,0,1.4281e+08,2.9311e+06,538.01,0.093379,-9.0035,2.5099,0
362.54,3657.7,-753.85,0,1.4284e+08,2.9321e+06,538.02,0.091523,-9.1137,2.7999,0
362.45,3721.4,-180.43,0,1.428e+08,2.931e+06,538.01,0.091397,-10.271,1.0551,0
362.41,3786.3,-508.52,0,1.4279e+08,2.9305e+06,538.01,0.093754,-9.3458,1.9383,0
362.39,3797.9,-629.55,0,1.4278e+08,2.9303e+06,538,0.094497,-9.0879,2.1489,0
362.35,3874.4,-563.01,0,1.4277e+08,2.9298e+06,538,0.096143,-9.0477,1.7833,0
362.54,3604.1,-147.78,0,1.4284e+08,2.9321e+06,538.02,0.088399,-11.053,1.3712,0
362.51,3631.1,-180.96,0,1.4283e+08,2.9318e+06,538.01,0.089121,-10.79,1.4124,0
362.52,3628.5,-219.35,0,1.4283e+08,2.9318e+06,538.01,0.089105,-10.637,1.6682,0
362.72,3401.4,-339.12,0,1.4291e+08,2.9344e+06,538.03,0.083604,-10.72,3.2409,0
362.69,3408.7,-269.7,0,1.429e+08,2.934e+06,538.03,0.083658,-10.99,3.0894,0
362.92,3524.3,-986.24,0,1.4299e+08,2.937e+06,538.05,0.089311,-9.2113,4.2977,0
362.87,3489.6,-869.26,0,1.4297e+08,2.9364e+06,538.05,0.087805,-9.4069,4.1087,0
362.94,3494,-888.03,0,1.43e+08,2.9373e+06,538.06,0.087954,-9.4524,4.3803,0
362.88,3447.7,-761.27,0,1.4297e+08,2.9364e+06,538.05,0.086201,-9.6424,4.1513,0
362.64,3467.9,-77.317,0,1.4288e+08,2.9334e+06,538.03,0.084915,-12.589,2.2473,0
362.63,3473.4,-96.358,0,1.4287e+08,2.9333e+06,538.03,0.085067,-12.286,2.2269,0
362.62,3490.1,-77.109,0,1.4287e+08,2.9332e+06,538.02,0.085475,-12.478,1.8812,0
362.53,3613.1,-379.19,0,1.4284e+08,2.9321e+06,538.02,0.089035,-10.07,2.2418,0
362.5,3678.9,-358.76,0,1.4282e+08,2.9316e+06,538.01,0.090624,-9.9746,1.967,0
362.65,3449.9,-92.945,0,1.4288e+08,2.9335e+06,538.03,0.084477,-12.401,2.5375,0
362.58,3551.5,-101.71,0,1.4285e+08,2.9326e+06,538.02,0.087035,-11.735,1.3885,0
362.56,3570.9,-111.03,0,1.4285e+08,2.9324e+06,538.02,0.087528,-11.519,1.359,0
362.56,3573.7,-86.021,0,1.4285e+08,2.9324e+06,538.02,0.08758,-11.649,1.1116,0
362.58,3545.5,-128.35,0,1.4285e+08,2.9327e+06,538.02,0.086904,-11.544,1.6002,0
22.167,5192.6,6.6354,0,8.4407e+06,4.7097e+05,476.82,1.694,10.369,0.27667,0
22.184,5194.8,6.4189,0,8.447e+06,4.7129e+05,476.83,1.6936,10.152,0.16721,0
22.248,5205.2,16.673,0,8.4718e+06,4.7252e+05,476.88,1.6926,10.236,0.44799,0
362.69,3382.2,-16.95,0,1.429e+08,2.934e+06,538.03,0.082752,-12.847,4.4619,0
362.56,3585.2,-62.597,0,1.4284e+08,2.9323e+06,538.02,0.087857,-11.676,0.79645,0
362.62,3503.2,-180.4,0,1.4287e+08,2.9332e+06,538.02,0.085887,-11.353,2.1905,0
362.62,3503.8,-152.96,0,1.4287e+08,2.9331e+06,538.02,0.085873,-11.587,2.0996,0
362.63,3478.5,-167.96,0,1.4287e+08,2.9333e+06,538.03,0.085255,-11.537,2.3707,0
362.59,3537.4,-162.81,0,1.4286e+08,2.9328e+06,538.02,0.086731,-11.372,1.9228,0
362.6,3521.8,-127.31,0,1.4286e+08,2.9329e+06,538.02,0.086305,-11.726,1.868,0
362.8,3305.9,-158.18,0,1.4294e+08,2.9354e+06,538.04,0.080875,-11.523,4.469,0
362.85,3319.9,-167.86,0,1.4296e+08,2.936e+06,538.05,0.081186,-11.477,4.7439,0
362.87,3314.2,-229.01,0,1.4297e+08,2.9363e+06,538.05,0.081119,-11.258,4.6183,0
362.81,3314.7,-232.41,0,1.4294e+08,2.9356e+06,538.04,0.081188,-11.207,3.9731,0
362.82,3329,-322.59,0,1.4295e+08,2.9357e+06,538.04,0.08171,-10.884,3.9613,0
362.77,3335.3,-177.51,0,1.4293e+08,2.935e+06,538.04,0.081647,-11.479,3.7767,0
362.91,3336.3,-419.81,0,1.4298e+08,2.9368e+06,538.05,0.082068,-10.639,4.3948,0
362.86,3318.3,-364.91,0,1.4296e+08,2.9362e+06,538.05,0.081522,-10.75,4.1868,0
362.87,3316.1,-322.42,0,1.4297e+08,2.9364e+06,538.05,0.081348,-10.936,4.4666,0
362.61,3521.9,-63.472,0,1.4286e+08,2.933e+06,538.02,0.08626,-12.397,1.3255,0
362.6,3529.1,-75.081,0,1.4286e+08,2.9329e+06,538.02,0.086447,-12.128,1.4152,0
362.59,3538.8,-59.594,0,1.4286e+08,2.9328e+06,538.02,0.086683,-12.227,1.1169,0
362.97,3356.9,-433.72,0,1.4301e+08,2.9377e+06,538.06,0.082552,-10.666,4.6483,0
362.94,3360.7,-490.54,0,1.43e+08,2.9373e+06,538.06,0.08286,-10.462,4.5174,0
362.82,3307,-221,0,1.4295e+08,2.9357e+06,538.04,0.080971,-11.257,4.3092,0
362.78,3312.1,-159.15,0,1.4293e+08,2.9352e+06,538.04,0.081043,-11.552,4.145,0
341.45,12359,-1315.5,0,1.3461e+08,2.7074e+06,536.06,0.38121,-2.8237,0.516,0
340.55,12729,-656.31,0,1.3426e+08,2.6992e+06,535.98,0.39456,-2.7408,0.24972,0
343.84,12003,-686.96,0,1.3555e+08,2.7294e+06,536.29,0.35986,-3.0317,0.27399,0
362.73,3436.4,-561.27,0,1.4291e+08,2.9346e+06,538.04,0.08515,-9.8963,3.4558,0
362.91,3335.4,-294.19,0,1.4298e+08,2.9368e+06,538.05,0.081726,-11.067,4.7468,0
362.66,3427.5,-80.294,0,1.4289e+08,2.9337e+06,538.03,0.083904,-12.536,2.8534,0
362.67,3426.3,-109.63,0,1.4289e+08,2.9338e+06,538.03,0.083889,-12.208,2.8268,0
362.69,3405,-119.59,0,1.429e+08,2.9341e+06,538.03,0.083356,-12.061,3.1625,0
362.68,3392.6,-14.454,0,1.4289e+08,2.9339e+06,538.03,0.083011,-13.137,4.4556,0
362.7,3387.6,-138.55,0,1.429e+08,2.9342e+06,538.03,0.082936,-11.789,3.2959,0
362.71,3379.5,-115.92,0,1.4291e+08,2.9343e+06,538.03,0.082709,-12.023,3.4553,0
362.73,3360.4,-136.92,0,1.4291e+08,2.9346e+06,538.04,0.082244,-11.754,3.5795,0
362.75,3336.9,-117.2,0,1.4292e+08,2.9348e+06,538.04,0.081639,-11.837,3.9416,0
362.61,3655.3,-965.2,0,1.4287e+08,2.933e+06,538.02,0.092579,-8.8419,3.2116,0
362.66,3577.3,-851.72,0,1.4289e+08,2.9338e+06,538.03,0.089992,-9.1451,3.3182,0
23.296,5365.2,20.346,0,8.8741e+06,4.9244e+05,477.58,1.6754,11.186,1.8927,0
23.458,5390.1,55.617,0,8.9364e+06,4.955e+05,477.69,1.6731,10.916,1.9428,0
23.735,5436.1,50.382,0,9.0434e+06,5.007e+05,477.87,1.6702,11.109,2.1855,0
23.885,5458.1,87.648,0,9.1011e+06,5.0352e+05,477.96,1.6679,10.825,2.1568,0
23.2,5349,61.182,0,8.8367e+06,4.9062e+05,477.52,1.6766,10.761,1.7299,0
28.071,5997.8,713.99,0,1.0706e+07,5.8032e+05,480.44,1.6063,7.6331,1.6847,0
28.856,6084.9,811.25,0,1.1006e+07,5.9433e+05,480.87,1.595,7.3995,1.7423,0
103.36,11898,674.07,0,4.0087e+07,1.4842e+06,504.34,1.3319,3.1193,0.33231,0
116.32,12559,659.9,0,4.5208e+07,1.5743e+06,507.03,1.3444,2.8253,0.27194,0
27.963,5996,703.34,0,1.0667e+07,5.7839e+05,480.38,1.6107,7.4507,1.4593,0
362.68,3391.5,-21.197,0,1.4289e+08,2.934e+06,538.03,0.082983,-12.978,4.3168,0
361.79,4424.9,-2216.2,0,1.4256e+08,2.923e+06,537.95,0.12228,-6.7623,2.7207,0
361.83,4364.1,-1977.6,0,1.4257e+08,2.9235e+06,537.95,0.11833,-6.9818,2.6475,0
354.86,8674.8,-501.44,0,1.3986e+08,2.8418e+06,537.31,0.23154,-4.4998,0.19186,0
354.03,8979.8,-929.96,0,1.3953e+08,2.8326e+06,537.23,0.24271,-4.3667,0.40829,0
362.28,3900.5,-1158.5,0,1.4274e+08,2.9289e+06,537.99,0.099999,-8.2122,2.6614,0
362.38,3848.9,-970.16,0,1.4278e+08,2.9302e+06,538,0.097444,-8.5113,2.5474,0
362.43,3812.3,-1110.1,0,1.428e+08,2.9308e+06,538.01,0.097423,-8.3965,2.8795,0
22.236,5203,7.9227,0,8.467e+06,4.7229e+05,476.87,1.6927,9.8594,0.16721,0
22.31,5215.1,12.095,0,8.4954e+06,4.7369e+05,476.92,1.6917,9.6189,0.17279,0
22.264,5207.6,17.443,0,8.478e+06,4.7283e+05,476.89,1.6923,9.9835,0.34246,0
362.25,4038,-1740.9,0,1.4273e+08,2.9286e+06,537.99,0.10811,-7.4398,3.0151,0
361.76,4458.3,-1286.9,0,1.4254e+08,2.9225e+06,537.95,0.11469,-7.4572,1.9767,0
362.71,3358.6,-51.263,0,1.429e+08,2.9342e+06,538.03,0.082165,-12.311,4.1427,0
362.7,3368.3,-66.425,0,1.429e+08,2.9341e+06,538.03,0.082416,-12.33,3.9214,0
362.69,3381.5,-46.03,0,1.429e+08,2.934e+06,538.03,0.082737,-12.601,3.962,0
362.7,3381.1,-69.659,0,1.429e+08,2.9341e+06,538.03,0.082732,-12.443,3.6961,0
362.38,3849.7,-795.76,0,1.4278e+08,2.9302e+06,538,0.096499,-8.7457,2.2816,0
361.86,4449.6,-2902.7,0,1.4259e+08,2.9239e+06,537.96,0.13116,-6.2946,2.9566,0
361.36,4718.5,-3077.3,0,1.424e+08,2.9177e+06,537.91,0.13984,-6.0602,2.8205,0
361.48,4693.9,-2753.5,0,1.4244e+08,2.9193e+06,537.92,0.13491,-6.3365,2.7121,0
361.19,5041.8,-417.23,0,1.4232e+08,2.9154e+06,537.89,0.12583,-7.1836,0.47499,0
361.04,5186.8,-192.9,0,1.4226e+08,2.9136e+06,537.88,0.12931,-7.0175,0.23008,0
361.33,4943.8,-174.31,0,1.4237e+08,2.9172e+06,537.91,0.12285,-7.2913,0.19104,0
361.49,4658.6,-2069.2,0,1.4244e+08,2.9193e+06,537.92,0.12636,-6.7399,2.42,0
361.69,4508.2,-1806.8,0,1.4251e+08,2.9216e+06,537.94,0.12014,-7.0335,2.3906,0
22.135,5187,0.8638,0,8.4284e+06,4.7036e+05,476.8,1.6943,10.804,0.17914,0
361.48,4682,-1730.9,0,1.4243e+08,2.9191e+06,537.92,0.12376,-6.9235,2.1418,0
362.69,3369.9,-15.479,0,1.429e+08,2.9341e+06,538.03,0.082446,-12.558,4.5776,0
362.6,3527.8,-15.637,0,1.4286e+08,2.9329e+06,538.02,0.086392,-12.889,0.45725,0
362.6,3530.4,-24.079,0,1.4286e+08,2.9329e+06,538.02,0.08646,-12.75,0.61688,0
362.6,3540.6,-17.505,0,1.4286e+08,2.9328e+06,538.02,0.086716,-12.593,0.41868,0
22.294,5211,-4.4466,0,8.4891e+06,4.734e+05,476.91,1.6914,11.203,0.77265,0
22.215,5199.2,-4.5296,0,8.4589e+06,4.7189e+05,476.86,1.6929,11.271,0.5134,0
22.203,5197.9,1.2596,0,8.4545e+06,4.7166e+05,476.85,1.6933,10.995,0.56533,0
344.66,10974,-3035.5,0,1.3585e+08,2.737e+06,536.36,0.33796,-3.157,1.2762,0
343.44,11494,-2617.2,0,1.3538e+08,2.7256e+06,536.25,0.3543,-3.0266,1.0734,0
102.35,11691,1341.3,0,3.9675e+07,1.4766e+06,504.13,1.3205,3.1109,0.62921,0
94.196,11368,1170.7,0,3.6472e+07,1.4118e+06,502.31,1.3286,3.2733,0.54058,0
103.95,11697,1912.3,0,4.0307e+07,1.4886e+06,504.47,1.3218,2.9996,0.87001,0
104.41,11558,2496.7,0,4.0486e+07,1.4921e+06,504.58,1.3162,2.8508,1.129,0
93.274,11001,2449.1,0,3.6097e+07,1.4041e+06,502.1,1.316,3.1036,1.1018,0
92.415,11117,1780.9,0,3.5764e+07,1.3969e+06,501.91,1.3202,3.2525,0.82623,0
344.75,11663,-1362.4,0,1.359e+08,2.738e+06,536.37,0.3482,-3.0891,0.56916,0
346.88,11275,-759.55,0,1.3674e+08,2.7586e+06,536.57,0.32775,-3.3303,0.32171,0
25.413,5669.9,314.53,0,9.6867e+06,5.3196e+05,478.91,1.6442,9.9039,2.4562,0
348.87,10228,-2549,0,1.3751e+08,2.7784e+06,536.76,0.29938,-3.575,1.1146,0
362.67,3405.1,-12.482,0,1.4289e+08,2.9338e+06,538.03,0.083324,-13.635,4.2289,0
347.25,10346,-3086.3,0,1.3687e+08,2.7622e+06,536.6,0.31192,-3.4114,1.3197,0
24.67,5568.8,241.36,0,9.4021e+06,5.1819e+05,478.45,1.6559,10.017,2.3031,0
348.8,10711,-1122.4,0,1.3749e+08,2.7777e+06,536.75,0.30612,-3.5475,0.47577,0
362.57,3569.5,-335.69,0,1.4285e+08,2.9326e+06,538.02,0.087828,-10.387,2.2983,0
362.6,3523.6,-363.16,0,1.4286e+08,2.9329e+06,538.02,0.086753,-10.385,2.5424,0
362.62,3504.1,-14.568,0,1.4287e+08,2.9332e+06,538.02,0.085795,-13.632,0.7712,0
63.74,9201.5,2324.3,0,2.4523e+07,1.1067e+06,494.43,1.3626,3.9075,1.2022,0
64.953,9154,2828.9,0,2.4997e+07,1.1211e+06,494.78,1.3596,3.7453,1.4325,0
56.894,8522.4,2808.2,0,2.1854e+07,1.0217e+06,492.31,1.3868,4.0223,1.5037,0
82.272,10429,2373.9,0,3.1777e+07,1.3052e+06,499.46,1.327,3.3423,1.0416,0
82.776,10378,2772,0,3.1977e+07,1.31e+06,499.59,1.3286,3.2231,1.2977,0
57.211,8699.8,2283,0,2.1978e+07,1.0258e+06,492.42,1.3849,4.175,1.2485,0
85.807,10880,1302.4,0,3.3172e+07,1.3384e+06,500.33,1.3311,3.4569,0.60763,0
66.817,9659.2,1426.9,0,2.5732e+07,1.1427e+06,495.33,1.3617,3.9579,0.70823,0
72.098,9787.6,2371,0,2.7791e+07,1.2017e+06,496.81,1.3427,3.6228,1.1321,0
78.982,10334,1901.4,0,3.0488e+07,1.2731e+06,498.63,1.3319,3.5194,0.8705,0
23.876,5456.5,34.91,0,9.0975e+06,5.0336e+05,477.96,1.6678,11.376,2.3546,0
24.167,5497.8,74.282,0,9.2087e+06,5.0881e+05,478.14,1.6629,11.16,2.4436,0
24.389,5534.9,67.355,0,9.295e+06,5.1296e+05,478.28,1.6608,11.321,2.6144,0
73.762,9787.9,2826.4,0,2.8443e+07,1.2194e+06,497.26,1.3408,3.4686,1.3453,0
24.96,5628.4,110.48,0,9.5168e+06,5.2359e+05,478.64,1.6555,11.244,2.8845,0
24.634,5575.6,52.835,0,9.3902e+06,5.1753e+05,478.44,1.6585,11.502,2.8016,0
24.7,5582.7,117.04,0,9.4152e+06,5.1877e+05,478.48,1.657,11.061,2.6762,0
349.58,10375,-1586.5,0,1.378e+08,2.7857e+06,536.82,0.29585,-3.6152,0.6815,0
362.61,3518.5,-14.768,0,1.4287e+08,2.933e+06,538.02,0.086159,-13.149,0.52009,0
350.31,10039,-2053.5,0,1.3808e+08,2.7932e+06,536.89,0.28663,-3.733,0.91945,0
350.85,9638.4,-2553.1,0,1.3829e+08,2.7987e+06,536.94,0.27734,-3.8287,1.193,0
349.51,9692.4,-3091.9,0,1.3776e+08,2.7849e+06,536.81,0.28701,-3.6906,1.4078,0
362.62,3506.1,-22.137,0,1.4287e+08,2.9332e+06,538.02,0.085846,-13.364,0.94317,0
342.46,11967,-1984.8,0,1.35e+08,2.7166e+06,536.16,0.36827,-2.9106,0.78641,0
351.66,9012.8,-3071.4,0,1.386e+08,2.8072e+06,537.01,0.26256,-3.9553,1.4864,0
352.49,9171,-2589.4,0,1.3893e+08,2.8161e+06,537.09,0.26045,-4.0622,1.2582,0
114.4,12259,1909.5,0,4.4441e+07,1.5618e+06,506.65,1.3341,2.7513,0.82816,0
111.27,12200,1317.7,0,4.3206e+07,1.5408e+06,506.01,1.333,2.9097,0.57694,0
362.67,3410.1,-17.24,0,1.4289e+08,2.9338e+06,538.03,0.083448,-13.646,3.9456,0
362.63,3498.4,-19.693,0,1.4287e+08,2.9332e+06,538.03,0.085652,-13.644,1.0896,0
306.95,16285,-407.98,0,1.2099e+08,2.4546e+06,532.8,0.68429,-1.0859,0.26507,0
22.315,5213.9,-13.368,0,8.4971e+06,4.738e+05,476.93,1.691,11.526,0.69952,0
313.24,15835,-927.97,0,1.2348e+08,2.4936e+06,533.41,0.63294,-1.3118,0.49608,0
275.4,17094,-305.3,0,1.0846e+08,2.2867e+06,529.66,0.89482,-0.24026,0.47425,0
287.02,16869,-504.4,0,1.1307e+08,2.3444e+06,530.84,0.81982,-0.54972,0.52547,0
278.72,16903,-588.31,0,1.0977e+08,2.3028e+06,530,0.86711,-0.38661,0.77008,0
69.239,9714.2,1883,0,2.6674e+07,1.1702e+06,496.02,1.3508,3.8016,0.92708,0
290.53,16630,-924.42,0,1.1446e+08,2.3626e+06,531.19,0.79002,-0.68445,0.81166,0
362.68,3403.4,-19.129,0,1.4289e+08,2.9338e+06,538.03,0.083281,-13.385,4.0279,0
25.261,5672.9,158.44,0,9.6326e+06,5.2916e+05,478.82,1.6517,11,2.9583,0
25.033,5631.3,168.1,0,9.5431e+06,5.2494e+05,478.68,1.6526,10.809,2.7482,0
339.92,12111,-2624.9,0,1.3399e+08,2.6935e+06,535.92,0.38609,-2.7326,1.0643,0
24.108,5492,23.988,0,9.1867e+06,5.077e+05,478.11,1.6645,11.56,2.5058,0
321.17,15194,-893.35,0,1.2661e+08,2.5465e+06,534.16,0.56704,-1.6344,0.44757,0
361.44,4808.2,-299.84,0,1.4241e+08,2.9184e+06,537.91,0.1195,-7.4726,0.38533,0
361.56,4710.1,-129.34,0,1.4246e+08,2.92e+06,537.93,0.11672,-7.5865,0.19787,0
304.27,16287,-857.69,0,1.1992e+08,2.4388e+06,532.55,0.69963,-1.0271,0.54997,0
362.62,3511.6,-3.6164,0,1.4287e+08,2.9332e+06,538.02,0.085979,-13.604,0.18032,0
351.96,9474.6,-2140.7,0,1.3873e+08,2.8105e+06,537.04,0.26698,-4.0158,0.99357,0
22.242,5203.2,-8.5121,0,8.4693e+06,4.7241e+05,476.88,1.6924,11.558,0.44019,0
182.36,15509,790.85,0,7.1436e+07,1.8965e+06,518.26,1.3451,1.4674,0.45373,0
215.73,16553,588.8,0,8.4717e+07,2.0287e+06,522.82,1.2132,0.86062,0.54372,0
127.7,12950,1786.9,0,4.971e+07,1.6435e+06,509.23,1.3526,2.4518,0.77146,0
116.2,12200,2395.8,0,4.5145e+07,1.5736e+06,507.01,1.3294,2.5675,1.0698,0
123.08,12821,1265,0,4.7879e+07,1.6164e+06,508.35,1.3501,2.6518,0.53,0
61.748,9179.9,1860,0,2.3749e+07,1.0827e+06,493.83,1.3721,4.0935,0.97759,0
25.077,5650.9,53.303,0,9.5629e+06,5.2577e+05,478.71,1.6551,11.588,3.044,0
63.603,9501.5,1029.5,0,2.4481e+07,1.1051e+06,494.39,1.374,4.1506,0.5133,0
362.53,3598.1,-192.12,0,1.4284e+08,2.9321e+06,538.02,0.088306,-10.934,1.6377,0
337.62,13068,-1258.9,0,1.331e+08,2.6736e+06,535.71,0.41854,-2.5239,0.49178,0
362.57,3563.2,-197.56,0,1.4285e+08,2.9325e+06,538.02,0.087428,-11.048,1.8974,0
338.7,12643,-1928.9,0,1.3352e+08,2.6829e+06,535.81,0.40334,-2.6287,0.77406,0
353.54,8981,-2229.9,0,1.3935e+08,2.8274e+06,537.19,0.25009,-4.2544,1.0966,0
353.73,8683.5,-2740.5,0,1.3942e+08,2.8294e+06,537.21,0.24559,-4.2496,1.3787,0
354.12,8823.5,-1378.6,0,1.3957e+08,2.8337e+06,537.24,0.23985,-4.3642,0.66758,0
296.04,16712,-352.48,0,1.1666e+08,2.3922e+06,531.74,0.76262,-0.74632,0.30686,0
296.38,16564,-731.31,0,1.1679e+08,2.3941e+06,531.77,0.75459,-0.79797,0.60361,0
362.68,3397.4,-17.863,0,1.4289e+08,2.9339e+06,538.03,0.083132,-13.22,4.2337,0
362.61,3513.8,-20.016,0,1.4287e+08,2.9331e+06,538.02,0.08604,-13.22,0.76562,0
24.363,5526.4,115.3,0,9.2841e+06,5.1247e+05,478.26,1.66,10.882,2.4316,0
59.526,9105.5,1461.9,0,2.2887e+07,1.0552e+06,493.15,1.3833,4.2543,0.77933,0
27.15,5887.2,599.74,0,1.0353e+07,5.6373e+05,479.92,1.619,7.7553,1.3976,0
263.58,17184,-124.8,0,1.0376e+08,2.2314e+06,528.41,0.96518,-0.013853,0.54581,0
265.51,17025,-281.87,0,1.0451e+08,2.2402e+06,528.62,0.94563,-0.10456,0.75729,0
53.676,8333.1,2547.7,0,2.0602e+07,9.7932e+05,491.24,1.401,4.2231,1.4258,0
51.159,8178.6,2291.3,0,1.9623e+07,9.4509e+05,490.39,1.412,4.4301,1.3431,0
55.101,8652,1873.2,0,2.1161e+07,9.9832e+05,491.73,1.398,4.3737,1.0386,0
50.246,7934.9,2781,0,1.9268e+07,9.3241e+05,490.07,1.4158,4.3061,1.6312,0
268.88,17187,-103.88,0,1.0587e+08,2.2558e+06,528.97,0.93576,-0.054517,0.27137,0
362.66,3453.8,-238.96,0,1.4289e+08,2.9337e+06,538.03,0.08473,-11.097,2.7678,0
362.67,3440.3,-310.15,0,1.4289e+08,2.9338e+06,538.03,0.084528,-10.771,2.9284,0
362.61,3521.2,-22.501,0,1.4287e+08,2.933e+06,538.02,0.086227,-12.978,0.68265,0
229.67,16852,348.37,0,9.0266e+07,2.0852e+06,524.55,1.1441,0.59164,0.55452,0
245.04,17091,98.018,0,9.638e+07,2.1496e+06,526.36,1.0659,0.36452,0.42615,0
130.41,13250,624.56,0,5.0789e+07,1.6587e+06,509.73,1.3626,2.5408,0.24748,0
137.91,13555,1137.9,0,5.3762e+07,1.699e+06,511.09,1.3698,2.3432,0.46032,0
176.4,15307,436.74,0,6.9064e+07,1.8724e+06,517.37,1.3608,1.6375,0.22693,0
361.66,4609.7,-242.55,0,1.425e+08,2.9212e+06,537.94,0.11422,-7.7599,0.40123,0
361.74,4526.2,-114.65,0,1.4253e+08,2.9221e+06,537.94,0.11194,-7.8842,0.20842,0
355.36,8343.2,-1457.2,0,1.4005e+08,2.8474e+06,537.36,0.22447,-4.6477,0.74821,0
354.49,8666.8,-1840.8,0,1.3972e+08,2.8378e+06,537.28,0.23702,-4.4472,0.94281,0
355.73,8290.8,-552.84,0,1.402e+08,2.8515e+06,537.39,0.21933,-4.7073,0.28658,0
356.23,8039.7,-1019.6,0,1.4039e+08,2.8571e+06,537.44,0.21278,-4.8472,0.54349,0
355.08,8545.2,-998.79,0,1.3995e+08,2.8443e+06,537.33,0.22869,-4.5749,0.45916,0
25.142,5659.2,94.901,0,9.5876e+06,5.2696e+05,478.75,1.654,11.386,3.0371,0
362.32,3912.5,-455.12,0,1.4276e+08,2.9294e+06,538,0.096756,-9.1579,1.4812,0
362.38,3830.7,-462.48,0,1.4278e+08,2.9302e+06,538,0.094719,-9.3323,1.6923,0
354.91,8427.3,-2361.1,0,1.3988e+08,2.8425e+06,537.32,0.23306,-4.5224,1.2367,0
282.72,17044,-187.49,0,1.1137e+08,2.3226e+06,530.41,0.85183,-0.40248,0.24658,0
46.716,7732.4,2504.5,0,1.7904e+07,8.8209e+05,488.78,1.4424,4.5527,1.5474,0
45.889,7730.2,2181.6,0,1.7581e+07,8.7006e+05,488.48,1.4442,4.7389,1.3819,0
49.389,8151.5,1854.9,0,1.894e+07,9.2042e+05,489.77,1.4249,4.6436,1.1282,0
46.17,7574.4,2701.2,0,1.7686e+07,8.7414e+05,488.58,1.4394,4.5466,1.7702,0
48.467,8303.2,754.14,0,1.8592e+07,9.0732e+05,489.43,1.4405,4.8216,0.48113,0
356.24,7874,-2424.7,0,1.404e+08,2.8575e+06,537.44,0.21626,-4.7611,1.3651,0
355.76,8154.3,-1940.6,0,1.4021e+08,2.8519e+06,537.4,0.22119,-4.7108,1.0561,0
356.5,7880.8,-429.62,0,1.4049e+08,2.8601e+06,537.46,0.20662,-4.9148,0.25732,0
356.99,7647.6,-770.27,0,1.4068e+08,2.8657e+06,537.51,0.20015,-5.0547,0.45813,0
357.21,7594.9,-1177.6,0,1.4077e+08,2.8684e+06,537.53,0.19965,-5.1122,0.70564,0
356.54,7869.8,-1537.1,0,1.4052e+08,2.8608e+06,537.47,0.2098,-4.9189,0.8894,0
357.35,7452.2,-374.32,0,1.4083e+08,2.8699e+06,537.54,0.19353,-5.1607,0.25573,0
145.48,13672,2008.2,0,5.6756e+07,1.7369e+06,512.42,1.3633,1.9654,0.99617,0
22.3,5212.4,5.8475,0,8.4915e+06,4.7351e+05,476.92,1.6915,10.935,0.819,0
45.637,7980.9,1063.2,0,1.7492e+07,8.6637e+05,488.39,1.4535,4.9825,0.72574,0
47.37,8065.8,1435.7,0,1.816e+07,8.9164e+05,489.04,1.4391,4.8169,0.93752,0
47.137,8191.7,388.34,0,1.8074e+07,8.8824e+05,488.95,1.4458,4.9343,0.25325,0
44.045,7483.5,2398.3,0,1.6866e+07,8.4267e+05,487.76,1.4567,4.769,1.6114,0
362.67,3403.6,-27.975,0,1.4289e+08,2.9338e+06,538.03,0.08329,-13.211,3.8254,0
362.67,3409.5,-22.68,0,1.4289e+08,2.9338e+06,538.03,0.083435,-13.454,3.797,0
362.68,3395.8,-25.182,0,1.4289e+08,2.9339e+06,538.03,0.083093,-13.093,4.0728,0
362.63,3498.8,-25.567,0,1.4287e+08,2.9332e+06,538.03,0.085662,-13.421,1.2051,0
362.62,3503.9,-31.358,0,1.4287e+08,2.9331e+06,538.02,0.085794,-13.179,1.1865,0
362.61,3513.7,-27.868,0,1.4287e+08,2.9331e+06,538.02,0.086039,-13.066,0.94132,0
330.91,13545,-2423.2,0,1.3044e+08,2.6184e+06,535.08,0.46844,-2.1649,0.99507,0
356.39,7487.5,-2844.8,0,1.4045e+08,2.8591e+06,537.45,0.20992,-4.7789,1.6284,0
42.161,7389.6,2057.9,0,1.6138e+07,8.1416e+05,487.03,1.4696,5.02,1.4481,0
44.31,7682.5,1775.8,0,1.6971e+07,8.467e+05,487.89,1.455,4.926,1.1848,0
43.537,7367.3,2546.5,0,1.6667e+07,8.3503e+05,487.56,1.4576,4.8226,1.8608,0
44.37,7905.8,722.44,0,1.7002e+07,8.4758e+05,487.9,1.4635,5.0789,0.51268,0
357.35,7279,-2479.7,0,1.4083e+08,2.8701e+06,537.54,0.19944,-5.0585,1.4835,0
357.02,7619.2,-2011.3,0,1.407e+08,2.8663e+06,537.51,0.20512,-5.0029,1.2051,0
356.48,7028.9,-3241.3,0,1.4048e+08,2.86e+06,537.46,0.20267,-4.7981,1.9169,0
41.46,7567.9,1021.3,0,1.5874e+07,8.0341e+05,486.75,1.4818,5.2696,0.75849,0
42.817,7627.8,1392.3,0,1.6396e+07,8.242e+05,487.3,1.4681,5.1018,0.98234,0
42.929,7783.6,370.29,0,1.6443e+07,8.2588e+05,487.34,1.4726,5.204,0.28825,0
357.82,7267.4,-794.38,0,1.4101e+08,2.8754e+06,537.58,0.18865,-5.2613,0.52512,0
41.494,7257.2,2243.4,0,1.5878e+07,8.0388e+05,486.75,1.4731,5.0485,1.6872,0
358.19,7129.9,-1180.2,0,1.4116e+08,2.8798e+06,537.62,0.18573,-5.4168,0.78657,0
357.59,7372.5,-1593,0,1.4092e+08,2.8728e+06,537.56,0.19512,-5.2135,1.0075,0
358.17,7041.2,-411.44,0,1.4114e+08,2.8794e+06,537.62,0.18131,-5.4231,0.30275,0
39.385,7131.5,1908.3,0,1.5064e+07,7.7096e+05,485.88,1.4903,5.3024,1.5105,0
40.546,7315.9,1679.3,0,1.5514e+07,7.8922e+05,486.38,1.4816,5.2096,1.2381,0
41.575,7225.6,2374.1,0,1.5909e+07,8.0511e+05,486.78,1.4728,5.1006,1.9452,0
40.437,7500.5,680.23,0,1.5478e+07,7.8751e+05,486.33,1.4897,5.3678,0.5351,0
357.49,6937.5,-2872.1,0,1.4088e+08,2.8717e+06,537.56,0.19444,-5.0499,1.7364,0
37.961,7195.6,971.56,0,1.4521e+07,7.4831e+05,485.28,1.5086,5.5575,0.78935,0
39.18,7256.5,1326.1,0,1.4989e+07,7.6776e+05,485.81,1.4952,5.3877,1.0246,0
39.329,7407.3,353.6,0,1.505e+07,7.7009e+05,485.86,1.4987,5.4949,0.30122,0
39.409,7080.2,2070.8,0,1.5071e+07,7.7132e+05,485.89,1.4885,5.3295,1.7586,0
362.6,3538.3,-33.145,0,1.4286e+08,2.9328e+06,538.02,0.086662,-12.536,0.71401,0
362.6,3523.9,-32.611,0,1.4286e+08,2.9329e+06,538.02,0.086301,-12.785,0.86225,0
362.7,3370.5,-30.962,0,1.429e+08,2.9341e+06,538.03,0.082457,-12.555,4.2899,0
362.69,3386,-31.384,0,1.429e+08,2.934e+06,538.03,0.082844,-12.826,4.1585,0
358.26,6758.2,-2505.4,0,1.4119e+08,2.8807e+06,537.63,0.18509,-5.3309,1.5813,0
357.93,7060,-2069,0,1.4106e+08,2.8768e+06,537.6,0.18962,-5.2808,1.2848,0
357.52,6535.1,-3239.9,0,1.4089e+08,2.8719e+06,537.56,0.18885,-5.0627,2.0152,0
333,13770,-1200.9,0,1.3128e+08,2.6351e+06,535.28,0.46116,-2.2483,0.46217,0
336.54,13459,-609.55,0,1.3268e+08,2.6644e+06,535.61,0.43417,-2.4439,0.23752,0
334.23,13339,-1863.9,0,1.3176e+08,2.6451e+06,535.39,0.44402,-2.3311,0.74999,0
37.346,6938.6,1759.1,0,1.4276e+07,7.3836e+05,485,1.5065,5.586,1.5693,0
37.693,7029.4,1564.6,0,1.4411e+07,7.4398e+05,485.16,1.5046,5.4942,1.2884,0
40.032,7118.7,2199.8,0,1.5314e+07,7.8114e+05,486.15,1.4853,5.3789,2.0248,0
358.63,6841.6,-798.26,0,1.4133e+08,2.8848e+06,537.66,0.17618,-5.5538,0.58404,0
37.085,7133.3,655.65,0,1.4182e+07,7.3415e+05,484.89,1.516,5.6573,0.55623,0
358.98,6653.4,-1195.2,0,1.4146e+08,2.889e+06,537.69,0.17225,-5.7012,0.83799,0
358.47,6850.3,-1630.4,0,1.4127e+08,2.883e+06,537.65,0.18042,-5.4942,1.0737,0
358.85,6637.6,-423.33,0,1.4141e+08,2.8874e+06,537.68,0.16971,-5.7163,0.32247,0
35.149,6877.3,919.53,0,1.3434e+07,7.0241e+05,484.02,1.5325,5.8459,0.81857,0
36.308,6949.5,1241.1,0,1.3879e+07,7.215e+05,484.55,1.5193,5.6743,1.0644,0
36.171,7055.6,344.18,0,1.383e+07,7.1924e+05,484.48,1.5249,5.7867,0.31743,0
37.905,6954.5,1914.8,0,1.449e+07,7.4737e+05,485.24,1.5005,5.6119,1.8258,0
358.46,6448.9,-2863.7,0,1.4126e+08,2.8829e+06,537.64,0.18082,-5.3325,1.8331,0
35.839,6794.3,1621.8,0,1.3693e+07,7.1378e+05,484.32,1.519,5.825,1.62,0
35.497,6806.2,1440.3,0,1.3564e+07,7.0816e+05,484.17,1.5245,5.7798,1.3357,0
38.829,7035.6,2042.7,0,1.4849e+07,7.6213e+05,485.64,1.4955,5.6463,2.1236,0
34.296,6809.8,625.99,0,1.3105e+07,6.882e+05,483.62,1.5407,5.9529,0.60276,0
359.08,6292.5,-2461.3,0,1.415e+08,2.8903e+06,537.7,0.17198,-5.6004,1.684,0
358.75,6574.6,-2055.8,0,1.4137e+08,2.8863e+06,537.67,0.17597,-5.5563,1.3688,0
358.44,6101.9,-3216.8,0,1.4125e+08,2.8827e+06,537.64,0.17679,-5.3248,2.1466,0
362.52,3660.6,-301.73,0,1.4283e+08,2.9318e+06,538.01,0.090037,-10.212,1.8342,0
362.49,3668.7,-251.51,0,1.4282e+08,2.9316e+06,538.01,0.090162,-10.34,1.6302,0
362.77,3353.5,-361.6,0,1.4293e+08,2.935e+06,538.04,0.08245,-10.692,3.7426,0
22.217,5200.4,6.6897,0,8.4598e+06,4.7192e+05,476.86,1.6931,10.792,0.62669,0
32.876,6609.3,865.27,0,1.2557e+07,6.6424e+05,482.93,1.5542,6.1358,0.85398,0
34.127,6705.9,1154.3,0,1.3037e+07,6.8537e+05,483.53,1.5391,5.9618,1.1025,0
33.574,6748.2,325.95,0,1.2827e+07,6.7606e+05,483.27,1.5486,6.0771,0.33003,0
36.744,6858.7,1775.1,0,1.4042e+07,7.2859e+05,484.73,1.5104,5.8597,1.913,0
362.63,3494.1,-31.068,0,1.4287e+08,2.9333e+06,538.03,0.085546,-13.341,1.4384,0
362.61,3511.8,-39.175,0,1.4287e+08,2.9331e+06,538.02,0.085995,-12.872,1.1779,0
349.61,10545,-610.47,0,1.3781e+08,2.7859e+06,536.82,0.29768,-3.6478,0.26445,0
362.67,3407.7,-36.991,0,1.4289e+08,2.9338e+06,538.03,0.083391,-13.099,3.6024,0
362.67,3413.5,-28.239,0,1.4289e+08,2.9338e+06,538.03,0.083538,-13.391,3.6107,0
362.68,3395,-36.899,0,1.4289e+08,2.9339e+06,538.03,0.083074,-12.935,3.8742,0
359.29,6425.1,-810.12,0,1.4158e+08,2.8926e+06,537.72,0.16446,-5.8415,0.62186,0
359.59,6231,-1168.3,0,1.417e+08,2.8963e+06,537.75,0.16046,-5.9841,0.89198,0
359.19,6395.5,-1602.3,0,1.4154e+08,2.8915e+06,537.71,0.16761,-5.7729,1.1433,0
359.47,6253.8,-420.47,0,1.4165e+08,2.8946e+06,537.73,0.15887,-6.0087,0.34316,0
34.021,6649.1,1348.5,0,1.2994e+07,6.8358e+05,483.48,1.5385,6.0669,1.3828,0
31.996,6533.7,584.77,0,1.2219e+07,6.492e+05,482.5,1.564,6.2377,0.62611,0
31.025,6389.5,801.42,0,1.1845e+07,6.3244e+05,482.01,1.5748,6.3872,0.90675,0
32.469,6517.1,1079,0,1.2398e+07,6.5729e+05,482.73,1.5561,6.2333,1.1661,0
31.343,6471.7,304.04,0,1.1967e+07,6.3795e+05,482.17,1.5711,6.3686,0.34572,0
359.25,6016.9,-2811.7,0,1.4157e+08,2.8923e+06,537.72,0.16872,-5.5968,1.9513,0
359.72,5877.7,-2379.7,0,1.4175e+08,2.8978e+06,537.76,0.16028,-5.8666,1.7918,0
359.44,6142.2,-1997.7,0,1.4164e+08,2.8945e+06,537.73,0.16375,-5.8293,1.4569,0
359.3,5690.3,-3185.3,0,1.4159e+08,2.8928e+06,537.72,0.16558,-5.5828,2.2842,0
30.119,6299,542.68,0,1.1496e+07,6.1664e+05,481.54,1.5847,6.5286,0.64284,0
29.553,6207.7,727.68,0,1.1278e+07,6.0667e+05,481.24,1.5917,6.6749,0.9304,0
31.013,6353.8,985.89,0,1.1838e+07,6.3222e+05,482,1.573,6.4883,1.2341,0
29.459,6228.2,276.28,0,1.1242e+07,6.0502e+05,481.19,1.5919,6.6599,0.35641,0
359.84,6045.9,-785.73,0,1.4179e+08,2.8991e+06,537.77,0.15391,-6.1271,0.66152,0
362.6,3529.2,-47.303,0,1.4286e+08,2.9329e+06,538.02,0.086435,-12.536,1.0327,0
362.71,3350,-33.825,0,1.4291e+08,2.9343e+06,538.03,0.081943,-12.252,4.4626,0
362.72,3340.6,-27.649,0,1.4291e+08,2.9344e+06,538.03,0.081709,-12.058,4.7348,0
28.56,6097.3,489.35,0,1.0896e+07,5.8906e+05,480.7,1.6032,6.8193,0.65987,0
362.67,3399.4,-2.9754,0,1.4289e+08,2.9338e+06,538.03,0.083184,-13.555,4.813,0
360.05,5855.2,-1119.5,0,1.4188e+08,2.9017e+06,537.79,0.15013,-6.2653,0.94849,0
359.77,5993.1,-1546.4,0,1.4177e+08,2.8984e+06,537.76,0.15635,-6.0495,1.2163,0
360,5902,-427.5,0,1.4186e+08,2.9011e+06,537.78,0.14911,-6.3081,0.34482,0
28.336,6052.6,640.25,0,1.081e+07,5.8505e+05,480.58,1.6058,6.9615,0.94225,0
29.747,6206.4,868.28,0,1.1351e+07,6.101e+05,481.34,1.5872,6.7722,1.2624,0
27.847,6014.2,241.73,0,1.0622e+07,5.763e+05,480.31,1.6116,6.9502,0.36331,0
359.87,5604.5,-2743,0,1.4181e+08,2.8997e+06,537.78,0.15745,-5.857,2.0739,0
27.274,5927.2,414.57,0,1.0401e+07,5.6596e+05,479.99,1.6193,7.1102,0.67551,0
146.4,14005,539.44,0,5.7134e+07,1.7413e+06,512.57,1.3792,2.2474,0.22822,0
153.84,14297,980.39,0,6.0088e+07,1.7761e+06,513.82,1.3801,2.0527,0.44721,0
143.33,13723,1587.1,0,5.5912e+07,1.7264e+06,512.05,1.371,2.1468,0.73365,0
27.208,5907.4,534.79,0,1.0376e+07,5.6476e+05,479.95,1.6199,7.2391,0.92694,0
28.604,6072.8,740.1,0,1.0912e+07,5.8984e+05,480.73,1.6013,7.0759,1.2149,0
26.551,5836.8,198.37,0,1.0124e+07,5.5284e+05,479.58,1.6285,7.2364,0.32677,0
360.23,5501.9,-2272.3,0,1.4195e+08,2.904e+06,537.81,0.14961,-6.1118,1.8724,0
360,5762.7,-1910.3,0,1.4186e+08,2.9012e+06,537.79,0.15298,-6.0995,1.5492,0
360.13,5324.5,-3097.3,0,1.4191e+08,2.9028e+06,537.8,0.15499,-5.832,2.4478,0
26.136,5773.8,328.11,0,9.9646e+06,5.4526e+05,479.33,1.6345,7.3881,0.63689,0
362.67,3447.5,-377.11,0,1.4289e+08,2.9338e+06,538.03,0.084865,-10.45,3.0221,0
362.63,3484.1,-338.14,0,1.4287e+08,2.9333e+06,538.03,0.085697,-10.564,2.7526,0
27.477,5935.1,619.14,0,1.0479e+07,5.6963e+05,480.11,1.616,7.3657,1.1821,0
25.555,5694.9,153.95,0,9.7407e+06,5.3459e+05,478.99,1.6416,7.5181,0.27383,0
360.25,5724.6,-742.39,0,1.4195e+08,2.904e+06,537.81,0.14507,-6.4239,0.67358,0
327.81,14460,-1096.2,0,1.2924e+08,2.5946e+06,534.79,0.5084,-1.9712,0.4687,0
360.4,5542.7,-1062.4,0,1.4201e+08,2.9058e+06,537.82,0.14159,-6.5123,1.0212,0
360.22,5644.6,-1478.3,0,1.4194e+08,2.9037e+06,537.8,0.14668,-6.3238,1.2925,0
360.47,5610.2,-424.05,0,1.4204e+08,2.9066e+06,537.83,0.14105,-6.5972,0.40236,0
362.63,3485.5,-37.493,0,1.4287e+08,2.9333e+06,538.03,0.085335,-13.254,1.6768,0
25.196,5646.4,222.24,0,9.6038e+06,5.2794e+05,478.77,1.6483,7.6616,0.46504,0
362.68,3456.2,-501.38,0,1.4289e+08,2.9339e+06,538.03,0.085454,-10.006,3.192,0
362.72,3413.8,-468.19,0,1.4291e+08,2.9345e+06,538.03,0.08427,-10.184,3.4046,0
362.68,3444,-439.45,0,1.4289e+08,2.934e+06,538.03,0.084948,-10.249,3.1708,0
362.45,3715.8,-240.47,0,1.428e+08,2.931e+06,538.01,0.091339,-10.193,1.3932,0
362.48,3705.7,-301.72,0,1.4281e+08,2.9313e+06,538.01,0.091177,-10.049,1.654,0
362.43,3763,-297.62,0,1.4279e+08,2.9307e+06,538.01,0.09262,-9.8585,1.4387,0
28.416,6039.7,753.49,0,1.0838e+07,5.8649e+05,480.63,1.602,7.7824,1.937,0
130.06,12923,2214.9,0,5.0638e+07,1.6568e+06,509.67,1.3481,2.25,1.0068,0
168.29,14934,869.96,0,6.5835e+07,1.839e+06,516.14,1.3723,1.783,0.4556,0
362.68,3399.2,-51.187,0,1.4289e+08,2.9339e+06,538.03,0.083182,-12.772,3.6181,0
362.64,3476.1,-35.683,0,1.4288e+08,2.9333e+06,538.03,0.085102,-13.413,1.8588,0
362.64,3475.2,-43.797,0,1.4288e+08,2.9334e+06,538.03,0.085079,-13.137,1.9512,0
360.49,5265.1,-2605.8,0,1.4205e+08,2.9071e+06,537.83,0.14724,-6.1018,2.2139,0
360.68,5172.7,-2145.4,0,1.4212e+08,2.9094e+06,537.85,0.14006,-6.3715,1.9834,0
360.45,5418.9,-1820.7,0,1.4203e+08,2.9065e+06,537.83,0.14334,-6.3673,1.645,0
360.86,5017.2,-2897.5,0,1.422e+08,2.9116e+06,537.87,0.14462,-6.0898,2.5721,0
29.175,6135.1,842.52,0,1.1131e+07,5.9999e+05,481.04,1.5942,7.8485,2.2323,0
27.732,5960.6,672.55,0,1.0576e+07,5.7422e+05,480.25,1.6118,8.0328,1.9307,0
27.227,5896.7,615.52,0,1.0382e+07,5.6512e+05,479.97,1.6181,7.9194,1.6262,0
29.986,6233.6,939.18,0,1.1445e+07,6.1431e+05,481.47,1.586,7.927,2.5744,0
362.45,3713.3,-620.06,0,1.4281e+08,2.9311e+06,538.01,0.092348,-9.2495,2.3902,0
362.49,3661.3,-658.16,0,1.4282e+08,2.9315e+06,538.01,0.091213,-9.2545,2.5983,0
90.666,11224,638.27,0,3.5084e+07,1.3818e+06,501.49,1.33,3.4269,0.3075,0
362.51,3643.1,-555,0,1.4283e+08,2.9318e+06,538.02,0.090333,-9.4849,2.4925,0
362.15,4079.8,-143.48,0,1.4269e+08,2.9272e+06,537.98,0.10048,-8.9807,0.46216,0
362.19,4034.2,-199.58,0,1.427e+08,2.9278e+06,537.98,0.099364,-9.1142,0.66337,0
362.14,4110.4,-227.14,0,1.4268e+08,2.9271e+06,537.98,0.10133,-8.8744,0.67996,0
26.372,5789.2,512.9,0,1.0054e+07,5.4957e+05,479.48,1.6301,8.2161,1.5869,0
300.43,16229,-1241.6,0,1.1839e+08,2.4166e+06,532.17,0.71898,-0.98198,0.83086,0
360.62,5439.1,-721.34,0,1.421e+08,2.9085e+06,537.84,0.13732,-6.6948,0.71846,0
362.21,4020.6,-275.1,0,1.4271e+08,2.928e+06,537.99,0.099118,-9.0821,0.89664,0
362.56,3729.8,-1102.2,0,1.4285e+08,2.9325e+06,538.02,0.095289,-8.5519,3.1413,0
213.99,16406,810.3,0,8.4016e+07,2.0217e+06,522.59,1.2145,0.76906,0.79324,0
362.19,4009.8,-1194.2,0,1.427e+08,2.9278e+06,537.99,0.10293,-8.0584,2.4919,0
362.22,3989.3,-1361,0,1.4272e+08,2.9283e+06,537.99,0.10365,-7.8897,2.71,0
360.76,5264.5,-1021.4,0,1.4215e+08,2.9102e+06,537.85,0.13402,-6.7943,1.067,0
360.6,5343.9,-1374.7,0,1.4209e+08,2.9083e+06,537.84,0.13813,-6.5761,1.3606,0
360.85,5327.5,-455.56,0,1.4219e+08,2.9113e+06,537.86,0.13349,-6.8917,0.45899,0
362.58,3548.2,-77.828,0,1.4285e+08,2.9327e+06,538.02,0.086935,-11.947,1.1972,0
253.57,17215,-8.1039,0,9.978e+07,2.1866e+06,527.32,1.0237,0.21613,0.18447,0
362.25,4002.4,-1541.7,0,1.4273e+08,2.9286e+06,537.99,0.10544,-7.6853,2.8608,0
362.33,3939.5,-1620.7,0,1.4276e+08,2.9296e+06,538,0.10464,-7.6738,3.1469,0
362.73,3335.9,-71.863,0,1.4291e+08,2.9346e+06,538.04,0.081596,-12.007,4.2269,0
362.78,3319.3,-88.555,0,1.4293e+08,2.9352e+06,538.04,0.081157,-11.737,4.7047,0
335.75,12827,-2539,0,1.3235e+08,2.6577e+06,535.53,0.42468,-2.4505,1.0358,0
331.73,14174,-559.04,0,1.3079e+08,2.6249e+06,535.16,0.47911,-2.15,0.22541,0
362.35,3909.4,-1421.9,0,1.4277e+08,2.9299e+06,538,0.10216,-7.9236,3.011,0
362.48,3957.1,-2046.9,0,1.4282e+08,2.9315e+06,538.01,0.10925,-7.2228,3.5002,0
362.37,3955.6,-1840.3,0,1.4278e+08,2.9301e+06,538,0.10711,-7.415,3.3056,0
362.54,3892.2,-1904.9,0,1.4285e+08,2.9323e+06,538.02,0.10619,-7.4275,3.5503,0
362.49,3867.6,-1711.9,0,1.4283e+08,2.9317e+06,538.01,0.1037,-7.6027,3.4187,0
361.78,4502.1,-1124.1,0,1.4255e+08,2.9228e+06,537.95,0.11467,-7.5614,1.7357,0
361.92,4363.7,-1107.4,0,1.426e+08,2.9244e+06,537.96,0.11108,-7.7675,1.8844,0
362.45,4038,-2231.9,0,1.4282e+08,2.9312e+06,538.01,0.11317,-7.0061,3.4365,0
361.58,4685.3,-410.36,0,1.4247e+08,2.9202e+06,537.93,0.11649,-7.6577,0.63088,0
361.38,4858.6,-484.99,0,1.4239e+08,2.9178e+06,537.91,0.12119,-7.4152,0.62207,0
361.1,4940.8,-2425.8,0,1.4229e+08,2.9146e+06,537.89,0.13703,-6.4052,2.3821,0
361.52,4751.8,-611.28,0,1.4245e+08,2.9195e+06,537.92,0.11873,-7.5313,0.86463,0
361.54,4624.4,-2426.3,0,1.4246e+08,2.9199e+06,537.93,0.12939,-6.5644,2.6248,0
162.1,14706,460.72,0,6.3376e+07,1.8127e+06,515.16,1.3798,1.9554,0.21828,0
361.12,4903.7,-1927.1,0,1.4229e+08,2.9147e+06,537.89,0.13115,-6.6297,2.0738,0
360.83,5133.5,-1672.6,0,1.4218e+08,2.9111e+06,537.86,0.13482,-6.6131,1.7132,0
362.75,3326.2,-58.058,0,1.4292e+08,2.9347e+06,538.04,0.08134,-11.965,4.503,0
24.548,5547.1,249.54,0,9.3542e+06,5.1591e+05,478.37,1.6567,8.069,0.71934,0
25.443,5669.6,310.16,0,9.6968e+06,5.3251e+05,478.92,1.6424,7.6628,0.70879,0
326.24,14840,-492.61,0,1.2862e+08,2.5828e+06,534.64,0.52824,-1.8502,0.22025,0
28.765,6090,787.89,0,1.0974e+07,5.9273e+05,480.82,1.5997,7.1983,1.4188,0
360.94,5175.2,-704.7,0,1.4222e+08,2.9124e+06,537.87,0.13026,-6.9802,0.73655,0
25.016,5606.8,349.87,0,9.5336e+06,5.2463e+05,478.67,1.6488,8.7068,1.493,0
25.454,5668.3,402.72,0,9.7022e+06,5.3273e+05,478.93,1.643,8.4148,1.4444,0
24.556,5543.2,292.31,0,9.3568e+06,5.1606e+05,478.38,1.6557,8.9776,1.506,0
23.644,5414.1,162.69,0,9.007e+06,4.9899e+05,477.81,1.6697,9.8913,1.614,0
23.842,5441.7,195.93,0,9.0828e+06,5.0271e+05,477.93,1.6664,9.6371,1.5749,0
362.76,3626.5,-1239,0,1.4293e+08,2.9349e+06,538.04,0.093689,-8.5469,3.811,0
362.78,3592.5,-1115.7,0,1.4294e+08,2.9352e+06,538.04,0.091946,-8.7536,3.8041,0
362.84,3615.1,-1254.8,0,1.4296e+08,2.936e+06,538.05,0.093461,-8.5707,4.0785,0
362.83,3565,-1082.1,0,1.4296e+08,2.9359e+06,538.05,0.091004,-8.8945,4.0123,0
362.64,3480.7,-445.24,0,1.4288e+08,2.9334e+06,538.03,0.085898,-10.155,2.9766,0
362.61,3514.3,-510.81,0,1.4287e+08,2.9331e+06,538.02,0.086957,-9.8798,2.9484,0
361.09,5024.5,-955.38,0,1.4228e+08,2.9142e+06,537.88,0.12735,-7.0683,1.1146,0
361,5080.6,-1291.9,0,1.4224e+08,2.9131e+06,537.88,0.13066,-6.8449,1.4248,0
362.79,3360.9,-446.24,0,1.4294e+08,2.9353e+06,538.04,0.082855,-10.406,3.8343,0
362.83,3379.7,-535.41,0,1.4295e+08,2.9358e+06,538.04,0.083588,-10.117,3.9704,0
362.77,3390.1,-496.68,0,1.4293e+08,2.935e+06,538.04,0.083754,-10.162,3.6514,0
362.88,3352.7,-478.4,0,1.4297e+08,2.9364e+06,538.05,0.082685,-10.382,4.1549,0
362.68,3393.5,-4.0894,0,1.4289e+08,2.9339e+06,538.03,0.083032,-13.259,4.822,0
362.96,3464.5,-780.92,0,1.4301e+08,2.9375e+06,538.06,0.086624,-9.7033,4.4573,0
362.59,3647.8,-844.62,0,1.4286e+08,2.9328e+06,538.02,0.091708,-9.0306,3.0409,0
361.24,4887.2,-1527.4,0,1.4234e+08,2.9161e+06,537.9,0.12729,-6.8892,1.7915,0
361.27,4954.4,-667.36,0,1.4235e+08,2.9164e+06,537.9,0.12424,-7.2498,0.81217,0
361.42,4811.6,-854.19,0,1.4241e+08,2.9183e+06,537.91,0.12124,-7.3715,1.1419,0
361.32,4841.4,-1159.7,0,1.4237e+08,2.9171e+06,537.91,0.12364,-7.1693,1.5055,0
23.063,5327.7,29.741,0,8.7839e+06,4.8802e+05,477.43,1.6785,11.029,1.6938,0
362.21,4028.5,-459.74,0,1.4271e+08,2.9281e+06,537.99,0.099721,-8.9098,1.3342,0
362.26,3991.9,-559.98,0,1.4273e+08,2.9286e+06,537.99,0.099089,-8.8094,1.5602,0
361.48,4660.9,-1423.7,0,1.4243e+08,2.9191e+06,537.92,0.12083,-7.1631,1.8893,0
361.68,4482.7,-1551.4,0,1.4251e+08,2.9215e+06,537.94,0.11735,-7.213,2.2137,0
362.42,3767.3,-233.75,0,1.4279e+08,2.9306e+06,538.01,0.092625,-9.9576,1.1561,0
362.41,3787.6,-177.51,0,1.4279e+08,2.9305e+06,538,0.09306,-10.031,0.91746,0
22.934,5307.5,-0.27982,0,8.7344e+06,4.8559e+05,477.34,1.6803,11.289,1.6292,0
22.685,5268.8,9.1806,0,8.6388e+06,4.8086e+05,477.18,1.6842,11.133,1.4037,0
22.831,5290.8,33.113,0,8.6948e+06,4.8364e+05,477.28,1.6817,10.906,1.4745,0
24.85,5592.1,244.19,0,9.4704e+06,5.2154e+05,478.56,1.6524,7.8755,0.59936,0
362.82,3337.1,-392.98,0,1.4295e+08,2.9356e+06,538.04,0.082094,-10.594,3.9602,0
361.71,4584,-503.85,0,1.4252e+08,2.9219e+06,537.94,0.11405,-7.8206,0.87415,0
362.91,3423.6,-680.95,0,1.4299e+08,2.9369e+06,538.05,0.085191,-9.8464,4.2758,0
362.98,3426.9,-670.93,0,1.4301e+08,2.9377e+06,538.06,0.085163,-9.954,4.5061,0
362.91,3387.5,-586.69,0,1.4299e+08,2.9369e+06,538.05,0.083906,-10.066,4.2435,0
361.84,4443.4,-213.55,0,1.4257e+08,2.9234e+06,537.95,0.10986,-8.0717,0.43036,0
361.95,4358.7,-302.71,0,1.4261e+08,2.9247e+06,537.96,0.10777,-8.273,0.69044,0
361.77,4513.1,-345.27,0,1.4254e+08,2.9226e+06,537.95,0.11187,-7.9496,0.6475,0
361.91,4398.9,-432.3,0,1.4259e+08,2.9243e+06,537.96,0.10908,-8.1441,0.91016,0
362.69,3413.6,-226.08,0,1.429e+08,2.934e+06,538.03,0.0837,-11.218,2.9767,0
362.7,3401.6,-195.39,0,1.429e+08,2.9342e+06,538.03,0.083348,-11.474,3.1026,0
362.49,3658.3,-30.199,0,1.4282e+08,2.9315e+06,538.01,0.089704,-11.03,0.21051,0
362.47,3692.3,-30.518,0,1.4281e+08,2.9313e+06,538.01,0.090555,-10.781,0.22713,0
362.48,3668.5,-58.301,0,1.4282e+08,2.9314e+06,538.01,0.089972,-10.902,0.44789,0
362.72,3414.4,-404.85,0,1.4291e+08,2.9344e+06,538.03,0.084094,-10.418,3.273,0
362.57,3567.8,-63.165,0,1.4285e+08,2.9325e+06,538.02,0.087423,-11.864,0.931,0
24.229,5508,138.38,0,9.2331e+06,5.0997e+05,478.18,1.6626,10.56,2.2544,0
362.76,3379,-406.67,0,1.4292e+08,2.9349e+06,538.04,0.083206,-10.489,3.5265,0
361.88,4372.1,-102.96,0,1.4258e+08,2.9239e+06,537.96,0.10796,-8.1931,0.22106,0
362.15,4106.4,-1076.8,0,1.4269e+08,2.9274e+06,537.98,0.10448,-8.0913,2.2284,0
362.03,4227.3,-940.82,0,1.4264e+08,2.9258e+06,537.97,0.10673,-8.0288,1.868,0
362.15,4137.7,-542.61,0,1.4269e+08,2.9273e+06,537.98,0.10271,-8.5863,1.365,0
362.17,4097.5,-659.49,0,1.4269e+08,2.9275e+06,537.98,0.10213,-8.4734,1.5966,0
362.28,3980.9,-670.78,0,1.4274e+08,2.9289e+06,537.99,0.099215,-8.6813,1.801,0
362.65,3436.4,-32.144,0,1.4288e+08,2.9336e+06,538.03,0.084111,-13.605,2.8449,0
27.12,5913.5,486.54,0,1.0346e+07,5.6318e+05,479.91,1.6248,9.585,2.9175,0
26.794,5873.5,416.49,0,1.0221e+07,5.5728e+05,479.72,1.6291,9.8755,2.9408,0
362.15,4142.5,-427.97,0,1.4269e+08,2.9272e+06,537.98,0.1025,-8.6902,1.1243,0
362.04,4263.5,-490.88,0,1.4264e+08,2.9258e+06,537.97,0.10576,-8.3875,1.1525,0
362.06,4254.4,-372.13,0,1.4265e+08,2.9261e+06,537.97,0.10521,-8.4887,0.91697,0
362.61,3589.3,-731.97,0,1.4287e+08,2.9331e+06,538.02,0.089698,-9.2882,3.0617,0
361.56,4629.4,-1203.1,0,1.4246e+08,2.92e+06,537.93,0.11849,-7.3268,1.7067,0
362.28,3957.5,-917.93,0,1.4274e+08,2.9289e+06,537.99,0.099847,-8.4061,2.2554,0
362.06,4181.6,-163.11,0,1.4265e+08,2.9262e+06,537.97,0.10309,-8.6878,0.46582,0
362.06,4227.3,-266.69,0,1.4265e+08,2.9261e+06,537.97,0.10435,-8.5871,0.68505,0
362.15,4137.7,-327.98,0,1.4269e+08,2.9273e+06,537.98,0.10216,-8.7878,0.89911,0
24.157,5487,240.21,0,9.2037e+06,5.0861e+05,478.13,1.6617,9.3037,1.5363,0
31.929,6441.8,1183.4,0,1.2192e+07,6.4805e+05,482.47,1.5642,7.3458,2.5641,0
362.83,3519.4,-934.58,0,1.4296e+08,2.9359e+06,538.05,0.088946,-9.2099,3.9567,0
362.84,3409.2,-634.01,0,1.4296e+08,2.936e+06,538.05,0.084692,-9.8714,4.0356,0
362.37,3845.2,-153.84,0,1.4277e+08,2.93e+06,538,0.094484,-9.8232,0.71908,0
362.32,3912.5,-182.28,0,1.4275e+08,2.9294e+06,538,0.096215,-9.5216,0.73919,0
362.32,3901.5,-113.6,0,1.4275e+08,2.9293e+06,538,0.095886,-9.6213,0.49708,0
362.38,3845.4,-217.14,0,1.4278e+08,2.9301e+06,538,0.094558,-9.7189,0.9621,0
362.81,3764.6,-1660.4,0,1.4296e+08,2.9357e+06,538.04,0.10053,-7.8453,3.8377,0
362.57,3565,-398.94,0,1.4285e+08,2.9326e+06,538.02,0.087878,-10.109,2.4984,0
362.61,3513.8,-53.15,0,1.4287e+08,2.933e+06,538.02,0.086052,-12.665,1.2877,0
362.62,3504.9,-64.856,0,1.4287e+08,2.9331e+06,538.02,0.085834,-12.546,1.5397,0
362.79,3555.2,-1005.9,0,1.4294e+08,2.9354e+06,538.04,0.09029,-8.9968,3.7766,0
361.87,4417.2,-2538.7,0,1.4259e+08,2.924e+06,537.96,0.12577,-6.6055,2.9152,0
362.55,3604.4,-466.29,0,1.4284e+08,2.9322e+06,538.02,0.089059,-9.8143,2.4491,0
362.58,3558.5,-466.18,0,1.4286e+08,2.9327e+06,538.02,0.087908,-9.9187,2.6778,0
362.6,3517.2,-428.3,0,1.4286e+08,2.9329e+06,538.02,0.086776,-10.129,2.7417,0
362.63,3476.5,-58.737,0,1.4287e+08,2.9333e+06,538.03,0.085121,-12.852,1.9888,0
362.32,3877.5,-50.01,0,1.4275e+08,2.9293e+06,538,0.095268,-9.7028,0.24373,0
362.37,3816.6,-38.796,0,1.4277e+08,2.93e+06,538,0.09371,-10.01,0.24172,0
362.37,3831.6,-90.152,0,1.4277e+08,2.9299e+06,538,0.094105,-9.9114,0.47634,0
362.67,3480,-566.96,0,1.4289e+08,2.9338e+06,538.03,0.086281,-9.7725,3.1971,0
27.547,5964,566.01,0,1.051e+07,5.7091e+05,480.15,1.6188,9.2841,2.883,0
361.96,4304.4,-190.46,0,1.4262e+08,2.9249e+06,537.96,0.10626,-8.393,0.45267,0
362.68,3794.5,-1592.3,0,1.429e+08,2.9341e+06,538.03,0.10068,-7.8216,3.5946,0
362.71,3846.1,-1798.1,0,1.4291e+08,2.9343e+06,538.03,0.10385,-7.5946,3.6989,0
362.17,4037.7,-70.666,0,1.4269e+08,2.9274e+06,537.98,0.099374,-9.0913,0.24118,0
362.25,3951.6,-64.191,0,1.4273e+08,2.9285e+06,537.99,0.097159,-9.3981,0.24772,0
362.24,3983.7,-135.2,0,1.4272e+08,2.9283e+06,537.99,0.098007,-9.2893,0.48619,0
362.62,3488.4,-389.45,0,1.4287e+08,2.9331e+06,538.02,0.085943,-10.325,2.8068,0
361.98,4241.2,-86.693,0,1.4262e+08,2.9251e+06,537.96,0.1046,-8.4934,0.22878,0
362.55,3595.5,-81.596,0,1.4284e+08,2.9322e+06,538.02,0.088129,-11.446,0.91818,0
362.71,3350.8,-77.162,0,1.4291e+08,2.9343e+06,538.03,0.081982,-12.12,3.9936,0
362.72,3363.8,-96.008,0,1.4291e+08,2.9344e+06,538.03,0.082308,-12.111,3.7188,0
362.68,3429.4,-200.13,0,1.4289e+08,2.9339e+06,538.03,0.084057,-11.425,2.8874,0
362.31,3919.8,-267.2,0,1.4275e+08,2.9292e+06,538,0.09653,-9.3961,1.0114,0
362.38,3827.5,-288.26,0,1.4278e+08,2.9301e+06,538,0.094231,-9.642,1.2225,0
362.33,3883,-347.47,0,1.4276e+08,2.9295e+06,538,0.095762,-9.3757,1.2862,0
362.39,3813.8,-370.91,0,1.4278e+08,2.9302e+06,538,0.094061,-9.525,1.5174,0
362.08,4133.4,-76.714,0,1.4266e+08,2.9263e+06,537.97,0.10183,-8.7917,0.23598,0
362.35,3884.2,-688.17,0,1.4277e+08,2.9298e+06,538,0.096872,-8.8542,2.0041,0
362.29,3961.9,-786.78,0,1.4274e+08,2.929e+06,537.99,0.099263,-8.554,2.028,0
28.01,6017.7,650.11,0,1.0687e+07,5.7924e+05,480.41,1.6126,8.9906,2.8556,0
28.498,6073.5,732.87,0,1.0874e+07,5.8796e+05,480.68,1.6063,8.6996,2.8277,0
22.415,5231.1,36.929,0,8.536e+06,4.7571e+05,476.99,1.6899,9.8349,0.55207,0
22.354,5221.6,30.807,0,8.5123e+06,4.7454e+05,476.95,1.6909,10.051,0.61139,0
28.97,6128.1,803.33,0,1.1056e+07,5.9637e+05,480.93,1.6005,8.411,2.8122,0
362.64,3467.5,-138.03,0,1.4288e+08,2.9334e+06,538.03,0.084947,-11.824,2.4404,0
362.65,3454.2,-156.04,0,1.4288e+08,2.9335e+06,538.03,0.084637,-11.628,2.5679,0
362.44,3726.5,-533.02,0,1.428e+08,2.9309e+06,538.01,0.092356,-9.4039,2.2021,0
24.002,5469.9,99.909,0,9.1444e+06,5.0571e+05,478.03,1.6645,8.1018,0.23158,0
362.63,3482.9,-141.51,0,1.4287e+08,2.9333e+06,538.03,0.085339,-11.755,2.2471,0
362.64,3465.7,-37.85,0,1.4288e+08,2.9334e+06,538.03,0.084843,-13.406,2.125,0
362.64,3471.9,-30.703,0,1.4288e+08,2.9334e+06,538.03,0.084993,-13.656,1.929,0
362.84,3309.7,-291.04,0,1.4295e+08,2.9359e+06,538.05,0.081156,-11.066,4.1832,0
362.71,3484,-648.77,0,1.4291e+08,2.9343e+06,538.03,0.086683,-9.6116,3.3607,0
362.62,3535.1,-612.12,0,1.4287e+08,2.9332e+06,538.03,0.087843,-9.5577,3.0723,0
361.92,4330,-796.28,0,1.426e+08,2.9244e+06,537.96,0.10863,-7.9941,1.5466,0
362.67,3433.1,-158.05,0,1.4289e+08,2.9337e+06,538.03,0.084105,-11.652,2.7795,0
362.65,3454.5,-193.21,0,1.4288e+08,2.9336e+06,538.03,0.084684,-11.422,2.6318,0
362.67,3537.1,-718.98,0,1.4289e+08,2.9338e+06,538.03,0.088326,-9.4004,3.2671,0
362.72,3508.7,-765.08,0,1.4291e+08,2.9345e+06,538.04,0.087827,-9.3939,3.4953,0
362.33,3882.7,-1270.9,0,1.4276e+08,2.9296e+06,538,0.10034,-8.1449,2.9193,0
362.17,4088.1,-778.5,0,1.427e+08,2.9276e+06,537.98,0.1024,-8.3653,1.829,0
362.15,4066,-899.45,0,1.4269e+08,2.9273e+06,537.98,0.10249,-8.2615,2.0269,0
362.63,3486.7,-208.76,0,1.4287e+08,2.9333e+06,538.03,0.085513,-11.192,2.4176,0
26.511,5840.4,354.82,0,1.0112e+07,5.5213e+05,479.56,1.6336,10.123,2.9946,0
362.18,4057.4,-372.22,0,1.427e+08,2.9277e+06,537.98,0.10024,-8.9724,1.0815,0
362.89,3587.2,-1151.3,0,1.4298e+08,2.9367e+06,538.05,0.091964,-8.8192,4.2499,0
362.62,3496.7,-127.76,0,1.4287e+08,2.9331e+06,538.02,0.085674,-11.831,2.0785,0
362.02,4295.3,-2712.9,0,1.4265e+08,2.9259e+06,537.97,0.1252,-6.4804,3.1191,0
22.354,5220.9,26.469,0,8.5124e+06,4.7455e+05,476.95,1.6906,10.305,0.75358,0
362.65,3442.7,-39.323,0,1.4288e+08,2.9335e+06,538.03,0.084271,-13.366,2.6633,0
362.64,3459.3,-61.35,0,1.4288e+08,2.9334e+06,538.03,0.084692,-12.849,2.3637,0
362.65,3450.2,-75.762,0,1.4288e+08,2.9335e+06,538.03,0.084473,-12.643,2.5329,0
362.02,4261,-638.4,0,1.4264e+08,2.9257e+06,537.97,0.10619,-8.2566,1.4165,0
362.06,4188.8,-762.62,0,1.4266e+08,2.9262e+06,537.97,0.10489,-8.1926,1.6532,0
362.75,3532.5,-893.26,0,1.4292e+08,2.9349e+06,538.04,0.089083,-9.1711,3.6375,0
362.78,3486.1,-809.65,0,1.4294e+08,2.9352e+06,538.04,0.08747,-9.3869,3.7363,0
24.059,5474.3,197.2,0,9.1663e+06,5.0679e+05,478.07,1.6631,9.9228,1.8813,0
362.25,3976.3,-211.48,0,1.4273e+08,2.9285e+06,537.99,0.097894,-9.2807,0.75935,0
362.64,3454.9,-41.472,0,1.4288e+08,2.9334e+06,538.03,0.084578,-13.3,2.3811,0
362.64,3463.9,-48.267,0,1.4288e+08,2.9334e+06,538.03,0.084802,-13.102,2.2246,0
23.629,5410.6,146.45,0,9.001e+06,4.9871e+05,477.8,1.6694,10.14,1.7586,0
362.42,3759.5,-77.264,0,1.4279e+08,2.9306e+06,538.01,0.092276,-10.261,0.48375,0
362.41,3775.6,-30.315,0,1.4279e+08,2.9305e+06,538,0.092663,-10.274,0.19049,0
362.47,3724.6,-435.6,0,1.4281e+08,2.9312e+06,538.01,0.091973,-9.6526,2.0318,0
362.51,3658.6,-423.41,0,1.4283e+08,2.9317e+06,538.01,0.090289,-9.8552,2.19,0
362.5,3669.5,-482.89,0,1.4282e+08,2.9317e+06,538.01,0.090741,-9.6176,2.2828,0
361.93,4374.1,-554.51,0,1.426e+08,2.9245e+06,537.96,0.10878,-8.1588,1.1822,0
361.81,4487.9,-571.5,0,1.4256e+08,2.923e+06,537.95,0.11177,-7.9421,1.0472,0
362.96,3387.9,-565.08,0,1.43e+08,2.9375e+06,538.06,0.083785,-10.227,4.5185,0
362.39,3795.3,-126.45,0,1.4278e+08,2.9303e+06,538,0.093211,-10.051,0.6727,0
362.49,3849.4,-1513,0,1.4283e+08,2.9316e+06,538.01,0.10141,-7.8765,3.3017,0
362.65,3455.9,-113.82,0,1.4288e+08,2.9335e+06,538.03,0.084636,-12.141,2.5375,0
362.64,3477.7,-117.67,0,1.4288e+08,2.9333e+06,538.03,0.085184,-11.989,2.244,0
362.76,3313.8,-100.75,0,1.4293e+08,2.935e+06,538.04,0.081047,-11.764,4.3705,0
362.66,3441.6,-133.16,0,1.4289e+08,2.9337e+06,538.03,0.084289,-11.892,2.6755,0
362.95,3351.6,-367.21,0,1.43e+08,2.9374e+06,538.06,0.08225,-10.869,4.726,0
362.25,3963.8,-1060.6,0,1.4273e+08,2.9286e+06,537.99,0.10087,-8.2725,2.4203,0
22.898,5301.9,-21.238,0,8.7204e+06,4.8489e+05,477.32,1.6809,11.565,1.5513,0
362.61,3509.3,-80.263,0,1.4286e+08,2.933e+06,538.02,0.085959,-12.261,1.6114,0
362.61,3499.9,-101.73,0,1.4286e+08,2.933e+06,538.02,0.085742,-12.099,1.9336,0
362.42,3773.2,-421.82,0,1.4279e+08,2.9307e+06,538.01,0.093163,-9.5419,1.7712,0
362.71,3382.8,-178.17,0,1.429e+08,2.9342e+06,538.03,0.082862,-11.533,3.3321,0
362.69,3407.5,-153.15,0,1.429e+08,2.934e+06,538.03,0.083453,-11.691,3.0658,0
362.59,3528.4,-100.01,0,1.4286e+08,2.9328e+06,538.02,0.086453,-11.92,1.5735,0
362.68,3421.5,-133.94,0,1.4289e+08,2.9339e+06,538.03,0.083785,-11.901,2.9008,0
362.89,3554.5,-1058.1,0,1.4298e+08,2.9366e+06,538.05,0.090537,-9.0167,4.2079,0
362.56,3600.8,-633.16,0,1.4285e+08,2.9324e+06,538.02,0.089576,-9.4005,2.8148,0
362.57,3576.3,-541.09,0,1.4285e+08,2.9326e+06,538.02,0.088606,-9.6688,2.7476,0
362.04,4245.8,-2506.2,0,1.4266e+08,2.9261e+06,537.97,0.12148,-6.6835,3.1442,0
362.58,3554,-57.259,0,1.4285e+08,2.9327e+06,538.02,0.087067,-12.06,0.93611,0
360.69,5451.1,-243.77,0,1.4212e+08,2.9093e+06,537.85,0.13647,-6.7621,0.21828,0
362.24,3974,-358.99,0,1.4272e+08,2.9284e+06,537.99,0.098106,-9.149,1.1818,0
362.56,3569.1,-157.16,0,1.4285e+08,2.9324e+06,538.02,0.087528,-11.212,1.6456,0
23.13,5339.2,103.73,0,8.8101e+06,4.8929e+05,477.47,1.6782,10.14,1.4391,0
362.57,3578.5,-130.09,0,1.4285e+08,2.9325e+06,538.02,0.087728,-11.322,1.4442,0
362.55,3596.1,-109.04,0,1.4284e+08,2.9322e+06,538.02,0.088162,-11.324,1.1754,0
362.45,3737.2,-359.19,0,1.428e+08,2.931e+06,538.01,0.092101,-9.7671,1.7297,0
362.43,3758.4,-131.98,0,1.428e+08,2.9307e+06,538.01,0.092273,-10.22,0.78255,0
362.27,4125.2,-2361,0,1.4275e+08,2.9289e+06,537.99,0.11682,-6.8452,3.2799,0
362.44,3733.9,-35.412,0,1.428e+08,2.9309e+06,538.01,0.091604,-10.501,0.22993,0
362.44,3790.2,-855.1,0,1.428e+08,2.931e+06,538.01,0.095316,-8.7729,2.5115,0
362.75,3323.1,-106.74,0,1.4292e+08,2.9348e+06,538.04,0.081291,-11.798,4.1747,0
362.72,3360.6,-178.28,0,1.4291e+08,2.9344e+06,538.03,0.082307,-11.509,3.5358,0
