"Density","Energy","Mach","Momentum:0","Momentum:1","Momentum:2","Pressure","Pressure_Coefficient","Temperature","vtkValidPointMask","arc_length","Points:0","Points:1","Points:2"
209.5,1.2071e+08,1.7,10334,1.3812e-12,0,8.2027e+05,0,651.44,,0,0,0.3,0
209.5,1.2071e+08,1.7,10334,1.0184e-12,0,8.2027e+05,-1.0267e-16,651.44,,0.001,0.001,0.3,0
209.5,1.2071e+08,1.7,10334,6.5572e-13,0,8.2027e+05,-2.0534e-16,651.44,,0.002,0.002,0.3,0
209.5,1.2071e+08,1.7,10334,2.9299e-13,0,8.2027e+05,-3.0801e-16,651.44,,0.003,0.003,0.3,0
209.5,1.2071e+08,1.7,10334,-6.9727e-14,0,8.2027e+05,-4.1068e-16,651.44,,0.004,0.004,0.3,0
209.5,1.2071e+08,1.7,10334,-4.3245e-13,0,8.2027e+05,-5.1335e-16,651.44,,0.005,0.005,0.3,0
209.5,1.2071e+08,1.7,10334,-7.9517e-13,0,8.2027e+05,-6.1602e-16,651.44,,0.006,0.006,0.3,0
209.5,1.2071e+08,1.7,10334,-1.1579e-12,0,8.2027e+05,-7.1869e-16,651.44,,0.007,0.007,0.3,0
209.5,1.2071e+08,1.7,10334,-1.5206e-12,0,8.2027e+05,-8.2136e-16,651.44,,0.008,0.008,0.3,0
209.5,1.2071e+08,1.7,10334,-1.8833e-12,0,8.2027e+05,-9.2403e-16,651.44,,0.009,0.009,0.3,0
209.5,1.2071e+08,1.7,10334,-2.2461e-12,0,8.2027e+05,-1.0267e-15,651.44,,0.01,0.01,0.3,0
209.5,1.2071e+08,1.7,10334,-2.6088e-12,0,8.2027e+05,-1.1294e-15,651.44,,0.011,0.011,0.3,0
209.5,1.2071e+08,1.7,10334,-2.9715e-12,0,8.2027e+05,-1.232e-15,651.44,,0.012,0.012,0.3,0
209.5,1.2071e+08,1.7,10334,-3.3342e-12,0,8.2027e+05,-1.3347e-15,651.44,,0.013,0.013,0.3,0
209.5,1.2071e+08,1.7,10334,-3.6969e-12,0,8.2027e+05,-1.4374e-15,651.44,,0.014,0.014,0.3,0
209.5,1.2071e+08,1.7,10334,-4.0597e-12,0,8.2027e+05,-1.54e-15,651.44,,0.015,0.015,0.3,0
209.5,1.2071e+08,1.7,10334,-4.4224e-12,0,8.2027e+05,-1.6427e-15,651.44,,0.016,0.016,0.3,0
209.5,1.2071e+08,1.7,10334,-4.7851e-12,0,8.2027e+05,-1.7454e-15,651.44,,0.017,0.017,0.3,0
209.5,1.2071e+08,1.7,10334,-5.1061e-12,0,8.2027e+05,-1.8271e-15,651.44,,0.018,0.018,0.3,0
209.5,1.2071e+08,1.7,10334,-5.2644e-12,0,8.2027e+05,-1.8271e-15,651.44,,0.019,0.019,0.3,0
209.5,1.2071e+08,1.7,10334,-5.4227e-12,0,8.2027e+05,-1.8271e-15,651.44,,0.02,0.02,0.3,0
209.5,1.2071e+08,1.7,10334,-5.581e-12,0,8.2027e+05,-1.8271e-15,651.44,,0.021,0.021,0.3,0
209.5,1.2071e+08,1.7,10334,-5.7393e-12,0,8.2027e+05,-1.8271e-15,651.44,,0.022,0.022,0.3,0
209.5,1.2071e+08,1.7,10334,-5.8976e-12,0,8.2027e+05,-1.8271e-15,651.44,,0.023,0.023,0.3,0
209.5,1.2071e+08,1.7,10334,-6.0559e-12,0,8.2027e+05,-1.8271e-15,651.44,,0.024,0.024,0.3,0
209.5,1.2071e+08,1.7,10334,-6.2143e-12,0,8.2027e+05,-1.8271e-15,651.44,,0.025,0.025,0.3,0
209.5,1.2071e+08,1.7,10334,-6.3726e-12,0,8.2027e+05,-1.8271e-15,651.44,,0.026,0.026,0.3,0
209.5,1.2071e+08,1.7,10334,-6.5309e-12,0,8.2027e+05,-1.8271e-15,651.44,,0.027,0.027,0.3,0
209.5,1.2071e+08,1.7,10334,-6.6892e-12,0,8.2027e+05,-1.8271e-15,651.44,,0.028,0.028,0.3,0
209.5,1.2071e+08,1.7,10334,-6.8475e-12,0,8.2027e+05,-1.8271e-15,651.44,,0.029,0.029,0.3,0
209.5,1.2071e+08,1.7,10334,-7.0058e-12,0,8.2027e+05,-1.8271e-15,651.44,,0.03,0.03,0.3,0
209.5,1.2071e+08,1.7,10334,-7.1641e-12,0,8.2027e+05,-1.8271e-15,651.44,,0.031,0.031,0.3,0
209.5,1.2071e+08,1.7,10334,-7.3224e-12,0,8.2027e+05,-1.8271e-15,651.44,,0.032,0.032,0.3,0
209.5,1.2071e+08,1.7,10334,-7.4807e-12,0,8.2027e+05,-1.8271e-15,651.44,,0.033,0.033,0.3,0
209.5,1.2071e+08,1.7,10334,-7.639e-12,0,8.2027e+05,-1.8271e-15,651.44,,0.034,0.034,0.3,0
209.5,1.2071e+08,1.7,10334,-7.7973e-12,0,8.2027e+05,-1.8271e-15,651.44,,0.035,0.035,0.3,0
209.5,1.2071e+08,1.7,10334,-7.2093e-12,0,8.2027e+05,-1.3954e-15,651.44,,0.036,0.036,0.3,0
209.5,1.2071e+08,1.7,10334,-5.8533e-12,0,8.2027e+05,-5.6049e-16,651.44,,0.037,0.037,0.3,0
209.5,1.2071e+08,1.7,10334,-4.4972e-12,0,8.2027e+05,2.7443e-16,651.44,,0.038,0.038,0.3,0
209.5,1.2071e+08,1.7,10334,-3.1412e-12,0,8.2027e+05,1.1093e-15,651.44,,0.039,0.039,0.3,0
209.5,1.2071e+08,1.7,10334,-1.7851e-12,0,8.2027e+05,1.9443e-15,651.44,,0.04,0.04,0.3,0
209.5,1.2071e+08,1.7,10334,-4.2908e-13,0,8.2027e+05,2.7792e-15,651.44,,0.041,0.041,0.3,0
209.5,1.2071e+08,1.7,10334,9.2696e-13,0,8.2027e+05,3.6141e-15,651.44,,0.042,0.042,0.3,0
209.5,1.2071e+08,1.7,10334,2.283e-12,0,8.2027e+05,4.449e-15,651.44,,0.043,0.043,0.3,0
209.5,1.2071e+08,1.7,10334,3.639e-12,0,8.2027e+05,5.2839e-15,651.44,,0.044,0.044,0.3,0
209.5,1.2071e+08,1.7,10334,4.9951e-12,0,8.2027e+05,6.1189e-15,651.44,,0.045,0.045,0.3,0
209.5,1.2071e+08,1.7,10334,6.3511e-12,0,8.2027e+05,6.9538e-15,651.44,,0.046,0.046,0.3,0
209.5,1.2071e+08,1.7,10334,7.7072e-12,0,8.2027e+05,7.7887e-15,651.44,,0.047,0.047,0.3,0
209.5,1.2071e+08,1.7,10334,9.0632e-12,0,8.2027e+05,8.6236e-15,651.44,,0.048,0.048,0.3,0
209.5,1.2071e+08,1.7,10334,1.0419e-11,0,8.2027e+05,9.4585e-15,651.44,,0.049,0.049,0.3,0
209.5,1.2071e+08,1.7,10334,1.1775e-11,0,8.2027e+05,1.0293e-14,651.44,,0.05,0.05,0.3,0
209.5,1.2071e+08,1.7,10334,1.3131e-11,0,8.2027e+05,1.1128e-14,651.44,,0.051,0.051,0.3,0
209.5,1.2071e+08,1.7,10334,1.4487e-11,0,8.2027e+05,1.1963e-14,651.44,,0.052,0.052,0.3,0
209.5,1.2071e+08,1.7,10334,1.5843e-11,0,8.2027e+05,1.2798e-14,651.44,,0.053,0.053,0.3,0
209.5,1.2071e+08,1.7,10334,1.747e-11,0,8.2027e+05,1.4312e-14,651.44,,0.054,0.054,0.3,0
209.5,1.2071e+08,1.7,10334,1.9131e-11,0,8.2027e+05,1.5914e-14,651.44,,0.055,0.055,0.3,0
209.5,1.2071e+08,1.7,10334,2.0792e-11,0,8.2027e+05,1.7516e-14,651.44,,0.056,0.056,0.3,0
209.5,1.2071e+08,1.7,10334,2.2453e-11,0,8.2027e+05,1.9118e-14,651.44,,0.057,0.057,0.3,0
209.5,1.2071e+08,1.7,10334,2.4114e-11,0,8.2027e+05,2.072e-14,651.44,,0.058,0.058,0.3,0
209.5,1.2071e+08,1.7,10334,2.5775e-11,0,8.2027e+05,2.2322e-14,651.44,,0.059,0.059,0.3,0
209.5,1.2071e+08,1.7,10334,2.7437e-11,0,8.2027e+05,2.3924e-14,651.44,,0.06,0.06,0.3,0
209.5,1.2071e+08,1.7,10334,2.9098e-11,0,8.2027e+05,2.5526e-14,651.44,,0.061,0.061,0.3,0
209.5,1.2071e+08,1.7,10334,3.0759e-11,0,8.2027e+05,2.7127e-14,651.44,,0.062,0.062,0.3,0
209.5,1.2071e+08,1.7,10334,3.242e-11,0,8.2027e+05,2.8729e-14,651.44,,0.063,0.063,0.3,0
209.5,1.2071e+08,1.7,10334,3.4081e-11,0,8.2027e+05,3.0331e-14,651.44,,0.064,0.064,0.3,0
209.5,1.2071e+08,1.7,10334,3.5742e-11,0,8.2027e+05,3.1933e-14,651.44,,0.065,0.065,0.3,0
209.5,1.2071e+08,1.7,10334,3.7403e-11,0,8.2027e+05,3.3535e-14,651.44,,0.066,0.066,0.3,0
209.5,1.2071e+08,1.7,10334,3.9064e-11,0,8.2027e+05,3.5137e-14,651.44,,0.067,0.067,0.3,0
209.5,1.2071e+08,1.7,10334,4.0726e-11,0,8.2027e+05,3.6739e-14,651.44,,0.068,0.068,0.3,0
209.5,1.2071e+08,1.7,10334,4.2363e-11,0,8.2027e+05,3.8338e-14,651.44,,0.069,0.069,0.3,0
209.5,1.2071e+08,1.7,10334,4.3746e-11,0,8.2027e+05,3.9908e-14,651.44,,0.07,0.07,0.3,0
209.5,1.2071e+08,1.7,10334,4.0102e-11,0,8.2027e+05,3.8189e-14,651.44,,0.071,0.071,0.3,0
209.5,1.2071e+08,1.7,10334,3.6557e-11,0,8.2027e+05,3.6257e-14,651.44,,0.072,0.072,0.3,0
209.5,1.2071e+08,1.7,10334,3.3875e-11,0,8.2027e+05,3.4696e-14,651.44,,0.073,0.073,0.3,0
209.5,1.2071e+08,1.7,10334,3.1194e-11,0,8.2027e+05,3.3135e-14,651.44,,0.074,0.074,0.3,0
209.5,1.2071e+08,1.7,10334,2.8512e-11,0,8.2027e+05,3.1574e-14,651.44,,0.075,0.075,0.3,0
209.5,1.2071e+08,1.7,10334,2.583e-11,0,8.2027e+05,3.0013e-14,651.44,,0.076,0.076,0.3,0
209.5,1.2071e+08,1.7,10334,2.3149e-11,0,8.2027e+05,2.8452e-14,651.44,,0.077,0.077,0.3,0
209.5,1.2071e+08,1.7,10334,2.0467e-11,0,8.2027e+05,2.6891e-14,651.44,,0.078,0.078,0.3,0
209.5,1.2071e+08,1.7,10334,1.7785e-11,0,8.2027e+05,2.533e-14,651.44,,0.079,0.079,0.3,0
209.5,1.2071e+08,1.7,10334,1.5103e-11,0,8.2027e+05,2.377e-14,651.44,,0.08,0.08,0.3,0
209.5,1.2071e+08,1.7,10334,1.2422e-11,0,8.2027e+05,2.2209e-14,651.44,,0.081,0.081,0.3,0
209.5,1.2071e+08,1.7,10334,9.7399e-12,0,8.2027e+05,2.0648e-14,651.44,,0.082,0.082,0.3,0
209.5,1.2071e+08,1.7,10334,7.0582e-12,0,8.2027e+05,1.9087e-14,651.44,,0.083,0.083,0.3,0
209.5,1.2071e+08,1.7,10334,4.3765e-12,0,8.2027e+05,1.7526e-14,651.44,,0.084,0.084,0.3,0
209.5,1.2071e+08,1.7,10334,1.6948e-12,0,8.2027e+05,1.5965e-14,651.44,,0.085,0.085,0.3,0
209.5,1.2071e+08,1.7,10334,-9.8697e-13,0,8.2027e+05,1.4404e-14,651.44,,0.086,0.086,0.3,0
209.5,1.2071e+08,1.7,10334,-3.6687e-12,0,8.2027e+05,1.2843e-14,651.44,,0.087,0.087,0.3,0
209.5,1.2071e+08,1.7,10334,-7.3665e-12,0,8.2027e+05,1.058e-14,651.44,,0.088,0.088,0.3,0
209.5,1.2071e+08,1.7,10334,-2.2169e-11,0,8.2027e+05,6.4387e-16,651.44,,0.089,0.089,0.3,0
209.5,1.2071e+08,1.7,10334,-3.6971e-11,0,8.2027e+05,-9.2918e-15,651.44,,0.09,0.09,0.3,0
209.5,1.2071e+08,1.7,10334,-5.1772e-11,0,8.2027e+05,-1.9227e-14,651.44,,0.091,0.091,0.3,0
209.5,1.2071e+08,1.7,10334,-6.6574e-11,0,8.2027e+05,-2.9163e-14,651.44,,0.092,0.092,0.3,0
209.5,1.2071e+08,1.7,10334,-8.1376e-11,0,8.2027e+05,-3.9099e-14,651.44,,0.093,0.093,0.3,0
209.5,1.2071e+08,1.7,10334,-9.6178e-11,0,8.2027e+05,-4.9034e-14,651.44,,0.094,0.094,0.3,0
209.5,1.2071e+08,1.7,10334,-1.1098e-10,0,8.2027e+05,-5.897e-14,651.44,,0.095,0.095,0.3,0
209.5,1.2071e+08,1.7,10334,-1.2578e-10,0,8.2027e+05,-6.8905e-14,651.44,,0.096,0.096,0.3,0
209.5,1.2071e+08,1.7,10334,-1.4058e-10,0,8.2027e+05,-7.8841e-14,651.44,,0.097,0.097,0.3,0
209.5,1.2071e+08,1.7,10334,-1.5539e-10,0,8.2027e+05,-8.8777e-14,651.44,,0.098,0.098,0.3,0
209.5,1.2071e+08,1.7,10334,-1.7019e-10,0,8.2027e+05,-9.8712e-14,651.44,,0.099,0.099,0.3,0
209.5,1.2071e+08,1.7,10334,-1.8499e-10,0,8.2027e+05,-1.0865e-13,651.44,,0.1,0.1,0.3,0
209.5,1.2071e+08,1.7,10334,-2.0018e-10,0,8.2027e+05,-1.2004e-13,651.44,,0.101,0.101,0.3,0
209.5,1.2071e+08,1.7,10334,-2.1569e-10,0,8.2027e+05,-1.3263e-13,651.44,,0.102,0.102,0.3,0
209.5,1.2071e+08,1.7,10334,-2.3121e-10,0,8.2027e+05,-1.4523e-13,651.44,,0.103,0.103,0.3,0
209.5,1.2071e+08,1.7,10334,-2.5143e-10,0,8.2027e+05,-1.5978e-13,651.44,,0.104,0.104,0.3,0
209.5,1.2071e+08,1.7,10334,-2.7554e-10,0,8.2027e+05,-1.7595e-13,651.44,,0.105,0.105,0.3,0
209.5,1.2071e+08,1.7,10334,-2.9966e-10,0,8.2027e+05,-1.9212e-13,651.44,,0.106,0.106,0.3,0
209.5,1.2071e+08,1.7,10334,-3.2378e-10,0,8.2027e+05,-2.0829e-13,651.44,,0.107,0.107,0.3,0
209.5,1.2071e+08,1.7,10334,-3.479e-10,0,8.2027e+05,-2.2446e-13,651.44,,0.108,0.108,0.3,0
209.5,1.2071e+08,1.7,10334,-3.7201e-10,0,8.2027e+05,-2.4063e-13,651.44,,0.109,0.109,0.3,0
209.5,1.2071e+08,1.7,10334,-3.9613e-10,0,8.2027e+05,-2.568e-13,651.44,,0.11,0.11,0.3,0
209.5,1.2071e+08,1.7,10334,-4.2025e-10,0,8.2027e+05,-2.7297e-13,651.44,,0.111,0.111,0.3,0
209.5,1.2071e+08,1.7,10334,-4.4437e-10,0,8.2027e+05,-2.8914e-13,651.44,,0.112,0.112,0.3,0
209.5,1.2071e+08,1.7,10334,-4.6848e-10,0,8.2027e+05,-3.0531e-13,651.44,,0.113,0.113,0.3,0
209.5,1.2071e+08,1.7,10334,-4.926e-10,0,8.2027e+05,-3.2147e-13,651.44,,0.114,0.114,0.3,0
209.5,1.2071e+08,1.7,10334,-5.1672e-10,0,8.2027e+05,-3.3764e-13,651.44,,0.115,0.115,0.3,0
209.5,1.2071e+08,1.7,10334,-5.4084e-10,0,8.2027e+05,-3.5381e-13,651.44,,0.116,0.116,0.3,0
209.5,1.2071e+08,1.7,10334,-5.6495e-10,0,8.2027e+05,-3.6998e-13,651.44,,0.117,0.117,0.3,0
209.5,1.2071e+08,1.7,10334,-5.8663e-10,0,8.2027e+05,-3.8496e-13,651.44,,0.118,0.118,0.3,0
209.5,1.2071e+08,1.7,10334,-5.8248e-10,0,8.2027e+05,-3.873e-13,651.44,,0.119,0.119,0.3,0
209.5,1.2071e+08,1.7,10334,-5.7833e-10,0,8.2027e+05,-3.8965e-13,651.44,,0.12,0.12,0.3,0
209.5,1.2071e+08,1.7,10334,-5.7418e-10,0,8.2027e+05,-3.92e-13,651.44,,0.121,0.121,0.3,0
209.5,1.2071e+08,1.7,10334,-5.5882e-10,0,8.2027e+05,-3.8898e-13,651.44,,0.122,0.122,0.3,0
209.5,1.2071e+08,1.7,10334,-5.1534e-10,0,8.2027e+05,-3.7248e-13,651.44,,0.123,0.123,0.3,0
209.5,1.2071e+08,1.7,10334,-4.7186e-10,0,8.2027e+05,-3.5599e-13,651.44,,0.124,0.124,0.3,0
209.5,1.2071e+08,1.7,10334,-4.2838e-10,0,8.2027e+05,-3.395e-13,651.44,,0.125,0.125,0.3,0
209.5,1.2071e+08,1.7,10334,-3.849e-10,0,8.2027e+05,-3.2301e-13,651.44,,0.126,0.126,0.3,0
209.5,1.2071e+08,1.7,10334,-3.4142e-10,0,8.2027e+05,-3.0651e-13,651.44,,0.127,0.127,0.3,0
209.5,1.2071e+08,1.7,10334,-2.9794e-10,0,8.2027e+05,-2.9002e-13,651.44,,0.128,0.128,0.3,0
209.5,1.2071e+08,1.7,10334,-2.5446e-10,0,8.2027e+05,-2.7353e-13,651.44,,0.129,0.129,0.3,0
209.5,1.2071e+08,1.7,10334,-2.1098e-10,0,8.2027e+05,-2.5703e-13,651.44,,0.13,0.13,0.3,0
209.5,1.2071e+08,1.7,10334,-1.675e-10,0,8.2027e+05,-2.4054e-13,651.44,,0.131,0.131,0.3,0
209.5,1.2071e+08,1.7,10334,-1.2402e-10,0,8.2027e+05,-2.2405e-13,651.44,,0.132,0.132,0.3,0
209.5,1.2071e+08,1.7,10334,-8.0539e-11,0,8.2027e+05,-2.0755e-13,651.44,,0.133,0.133,0.3,0
209.5,1.2071e+08,1.7,10334,-3.7058e-11,0,8.2027e+05,-1.9106e-13,651.44,,0.134,0.134,0.3,0
209.5,1.2071e+08,1.7,10334,6.4221e-12,0,8.2027e+05,-1.7457e-13,651.44,,0.135,0.135,0.3,0
209.5,1.2071e+08,1.7,10334,4.9902e-11,0,8.2027e+05,-1.5807e-13,651.44,,0.136,0.136,0.3,0
209.5,1.2071e+08,1.7,10334,9.3382e-11,0,8.2027e+05,-1.4158e-13,651.44,,0.137,0.137,0.3,0
209.5,1.2071e+08,1.7,10334,1.4178e-10,0,8.2027e+05,-1.2189e-13,651.44,,0.138,0.138,0.3,0
209.5,1.2071e+08,1.7,10334,3.0037e-10,0,8.2027e+05,-3.0471e-14,651.44,,0.139,0.139,0.3,0
209.5,1.2071e+08,1.7,10334,4.5897e-10,0,8.2027e+05,6.0945e-14,651.44,,0.14,0.14,0.3,0
209.5,1.2071e+08,1.7,10334,6.1756e-10,0,8.2027e+05,1.5236e-13,651.44,,0.141,0.141,0.3,0
209.5,1.2071e+08,1.7,10334,7.7616e-10,0,8.2027e+05,2.4378e-13,651.44,,0.142,0.142,0.3,0
209.5,1.2071e+08,1.7,10334,1.0967e-09,0,8.2027e+05,3.8352e-13,651.44,,0.143,0.143,0.3,0
209.5,1.2071e+08,1.7,10334,1.4255e-09,0,8.2027e+05,5.2575e-13,651.44,,0.144,0.144,0.3,0
209.5,1.2071e+08,1.7,10334,1.7544e-09,0,8.2027e+05,6.6798e-13,651.44,,0.145,0.145,0.3,0
209.5,1.2071e+08,1.7,10334,2.0833e-09,0,8.2027e+05,8.102e-13,651.44,,0.146,0.146,0.3,0
209.5,1.2071e+08,1.7,10334,2.4122e-09,0,8.2027e+05,9.5243e-13,651.44,,0.147,0.147,0.3,0
209.5,1.2071e+08,1.7,10334,2.741e-09,0,8.2027e+05,1.0947e-12,651.44,,0.148,0.148,0.3,0
209.5,1.2071e+08,1.7,10334,3.0699e-09,0,8.2027e+05,1.2369e-12,651.44,,0.149,0.149,0.3,0
209.5,1.2071e+08,1.7,10334,3.3988e-09,0,8.2027e+05,1.3791e-12,651.44,,0.15,0.15,0.3,0
209.5,1.2071e+08,1.7,10334,3.7276e-09,0,8.2027e+05,1.5214e-12,651.44,,0.151,0.151,0.3,0
209.5,1.2071e+08,1.7,10334,4.0565e-09,0,8.2027e+05,1.6636e-12,651.44,,0.152,0.152,0.3,0
209.5,1.2071e+08,1.7,10334,4.3854e-09,0,8.2027e+05,1.8058e-12,651.44,,0.153,0.153,0.3,0
209.5,1.2071e+08,1.7,10334,4.7142e-09,0,8.2027e+05,1.948e-12,651.44,,0.154,0.154,0.3,0
209.5,1.2071e+08,1.7,10334,5.0431e-09,0,8.2027e+05,2.0903e-12,651.44,,0.155,0.155,0.3,0
209.5,1.2071e+08,1.7,10334,5.372e-09,0,8.2027e+05,2.2325e-12,651.44,,0.156,0.156,0.3,0
209.5,1.2071e+08,1.7,10334,5.7008e-09,0,8.2027e+05,2.3747e-12,651.44,,0.157,0.157,0.3,0
209.5,1.2071e+08,1.7,10334,6.0297e-09,0,8.2027e+05,2.517e-12,651.44,,0.158,0.158,0.3,0
209.5,1.2071e+08,1.7,10334,6.3034e-09,0,8.2027e+05,2.6869e-12,651.44,,0.159,0.159,0.3,0
209.5,1.2071e+08,1.7,10334,6.5052e-09,0,8.2027e+05,2.8928e-12,651.44,,0.16,0.16,0.3,0
209.5,1.2071e+08,1.7,10334,6.707e-09,0,8.2027e+05,3.0988e-12,651.44,,0.161,0.161,0.3,0
209.5,1.2071e+08,1.7,10334,6.9088e-09,0,8.2027e+05,3.3047e-12,651.44,,0.162,0.162,0.3,0
209.5,1.2071e+08,1.7,10334,7.1542e-09,0,8.2027e+05,3.4923e-12,651.44,,0.163,0.163,0.3,0
209.5,1.2071e+08,1.7,10334,7.4727e-09,0,8.2027e+05,3.6492e-12,651.44,,0.164,0.164,0.3,0
209.5,1.2071e+08,1.7,10334,7.7911e-09,0,8.2027e+05,3.806e-12,651.44,,0.165,0.165,0.3,0
209.5,1.2071e+08,1.7,10334,8.1096e-09,0,8.2027e+05,3.9629e-12,651.44,,0.166,0.166,0.3,0
209.5,1.2071e+08,1.7,10334,8.428e-09,0,8.2027e+05,4.1197e-12,651.44,,0.167,0.167,0.3,0
209.5,1.2071e+08,1.7,10334,8.7465e-09,0,8.2027e+05,4.2766e-12,651.44,,0.168,0.168,0.3,0
209.5,1.2071e+08,1.7,10334,9.0649e-09,0,8.2027e+05,4.4335e-12,651.44,,0.169,0.169,0.3,0
209.5,1.2071e+08,1.7,10334,9.3834e-09,0,8.2027e+05,4.5903e-12,651.44,,0.17,0.17,0.3,0
209.5,1.2071e+08,1.7,10334,9.7018e-09,0,8.2027e+05,4.7472e-12,651.44,,0.171,0.171,0.3,0
209.5,1.2071e+08,1.7,10334,1.002e-08,0,8.2027e+05,4.904e-12,651.44,,0.172,0.172,0.3,0
209.5,1.2071e+08,1.7,10334,1.0339e-08,0,8.2027e+05,5.0609e-12,651.44,,0.173,0.173,0.3,0
209.5,1.2071e+08,1.7,10334,1.0657e-08,0,8.2027e+05,5.2177e-12,651.44,,0.174,0.174,0.3,0
209.5,1.2071e+08,1.7,10334,1.0976e-08,0,8.2027e+05,5.3746e-12,651.44,,0.175,0.175,0.3,0
209.5,1.2071e+08,1.7,10334,1.1294e-08,0,8.2027e+05,5.5314e-12,651.44,,0.176,0.176,0.3,0
209.5,1.2071e+08,1.7,10334,1.1613e-08,0,8.2027e+05,5.6883e-12,651.44,,0.177,0.177,0.3,0
209.5,1.2071e+08,1.7,10334,1.1931e-08,0,8.2027e+05,5.8452e-12,651.44,,0.178,0.178,0.3,0
209.5,1.2071e+08,1.7,10334,1.2249e-08,0,8.2027e+05,6.002e-12,651.44,,0.179,0.179,0.3,0
209.5,1.2071e+08,1.7,10334,1.2094e-08,0,8.2027e+05,5.9045e-12,651.44,,0.18,0.18,0.3,0
209.5,1.2071e+08,1.7,10334,1.1216e-08,0,8.2027e+05,5.4188e-12,651.44,,0.181,0.181,0.3,0
209.5,1.2071e+08,1.7,10334,1.0338e-08,0,8.2027e+05,4.9331e-12,651.44,,0.182,0.182,0.3,0
209.5,1.2071e+08,1.7,10334,9.4603e-09,0,8.2027e+05,4.4474e-12,651.44,,0.183,0.183,0.3,0
209.5,1.2071e+08,1.7,10334,7.5425e-09,0,8.2027e+05,3.5818e-12,651.44,,0.184,0.184,0.3,0
209.5,1.2071e+08,1.7,10334,5.3677e-09,0,8.2027e+05,2.6223e-12,651.44,,0.185,0.185,0.3,0
209.5,1.2071e+08,1.7,10334,3.193e-09,0,8.2027e+05,1.6628e-12,651.44,,0.186,0.186,0.3,0
209.5,1.2071e+08,1.7,10334,1.0182e-09,0,8.2027e+05,7.0332e-13,651.44,,0.187,0.187,0.3,0
209.5,1.2071e+08,1.7,10334,-1.1565e-09,0,8.2027e+05,-2.5615e-13,651.44,,0.188,0.188,0.3,0
209.5,1.2071e+08,1.7,10334,-3.3313e-09,0,8.2027e+05,-1.2156e-12,651.44,,0.189,0.189,0.3,0
209.5,1.2071e+08,1.7,10334,-5.5061e-09,0,8.2027e+05,-2.1751e-12,651.44,,0.19,0.19,0.3,0
209.5,1.2071e+08,1.7,10334,-7.6808e-09,0,8.2027e+05,-3.1346e-12,651.44,,0.191,0.191,0.3,0
209.5,1.2071e+08,1.7,10334,-9.8556e-09,0,8.2027e+05,-4.0941e-12,651.44,,0.192,0.192,0.3,0
209.5,1.2071e+08,1.7,10334,-1.203e-08,0,8.2027e+05,-5.0536e-12,651.44,,0.193,0.193,0.3,0
209.5,1.2071e+08,1.7,10334,-1.4205e-08,0,8.2027e+05,-6.013e-12,651.44,,0.194,0.194,0.3,0
209.5,1.2071e+08,1.7,10334,-1.638e-08,0,8.2027e+05,-6.9725e-12,651.44,,0.195,0.195,0.3,0
209.5,1.2071e+08,1.7,10334,-1.8555e-08,0,8.2027e+05,-7.932e-12,651.44,,0.196,0.196,0.3,0
209.5,1.2071e+08,1.7,10334,-2.0729e-08,0,8.2027e+05,-8.8915e-12,651.44,,0.197,0.197,0.3,0
209.5,1.2071e+08,1.7,10334,-2.2904e-08,0,8.2027e+05,-9.851e-12,651.44,,0.198,0.198,0.3,0
209.5,1.2071e+08,1.7,10334,-2.5079e-08,0,8.2027e+05,-1.081e-11,651.44,,0.199,0.199,0.3,0
209.5,1.2071e+08,1.7,10334,-2.7254e-08,0,8.2027e+05,-1.177e-11,651.44,,0.2,0.2,0.3,0
209.5,1.2071e+08,1.7,10334,-2.9497e-08,0,8.2027e+05,-1.2755e-11,651.44,,0.201,0.201,0.3,0
209.5,1.2071e+08,1.7,10334,-3.7305e-08,0,8.2027e+05,-1.5842e-11,651.44,,0.202,0.202,0.3,0
209.5,1.2071e+08,1.7,10334,-4.5113e-08,0,8.2027e+05,-1.8928e-11,651.44,,0.203,0.203,0.3,0
209.5,1.2071e+08,1.7,10334,-5.3766e-08,0,8.2027e+05,-2.2338e-11,651.44,,0.204,0.204,0.3,0
209.5,1.2071e+08,1.7,10334,-6.4975e-08,0,8.2027e+05,-2.6723e-11,651.44,,0.205,0.205,0.3,0
209.5,1.2071e+08,1.7,10334,-7.6184e-08,0,8.2027e+05,-3.1108e-11,651.44,,0.206,0.206,0.3,0
209.5,1.2071e+08,1.7,10334,-8.7393e-08,0,8.2027e+05,-3.5494e-11,651.44,,0.207,0.207,0.3,0
209.5,1.2071e+08,1.7,10334,-9.8602e-08,0,8.2027e+05,-3.9879e-11,651.44,,0.208,0.208,0.3,0
209.5,1.2071e+08,1.7,10334,-1.0981e-07,0,8.2027e+05,-4.4265e-11,651.44,,0.209,0.209,0.3,0
209.5,1.2071e+08,1.7,10334,-1.2102e-07,0,8.2027e+05,-4.865e-11,651.44,,0.21,0.21,0.3,0
209.5,1.2071e+08,1.7,10334,-1.3223e-07,0,8.2027e+05,-5.3035e-11,651.44,,0.211,0.211,0.3,0
209.5,1.2071e+08,1.7,10334,-1.4344e-07,0,8.2027e+05,-5.7421e-11,651.44,,0.212,0.212,0.3,0
209.5,1.2071e+08,1.7,10334,-1.5465e-07,0,8.2027e+05,-6.1806e-11,651.44,,0.213,0.213,0.3,0
209.5,1.2071e+08,1.7,10334,-1.6586e-07,0,8.2027e+05,-6.6191e-11,651.44,,0.214,0.214,0.3,0
209.5,1.2071e+08,1.7,10334,-1.7707e-07,0,8.2027e+05,-7.0577e-11,651.44,,0.215,0.215,0.3,0
209.5,1.2071e+08,1.7,10334,-1.8828e-07,0,8.2027e+05,-7.4962e-11,651.44,,0.216,0.216,0.3,0
209.5,1.2071e+08,1.7,10334,-1.9948e-07,0,8.2027e+05,-7.9347e-11,651.44,,0.217,0.217,0.3,0
209.5,1.2071e+08,1.7,10334,-2.1069e-07,0,8.2027e+05,-8.3733e-11,651.44,,0.218,0.218,0.3,0
209.5,1.2071e+08,1.7,10334,-2.219e-07,0,8.2027e+05,-8.8118e-11,651.44,,0.219,0.219,0.3,0
209.5,1.2071e+08,1.7,10334,-2.3311e-07,0,8.2027e+05,-9.2503e-11,651.44,,0.22,0.22,0.3,0
209.5,1.2071e+08,1.7,10334,-2.4432e-07,0,8.2027e+05,-9.6889e-11,651.44,,0.221,0.221,0.3,0
209.5,1.2071e+08,1.7,10334,-2.5553e-07,0,8.2027e+05,-1.0127e-10,651.44,,0.222,0.222,0.3,0
209.5,1.2071e+08,1.7,10334,-2.672e-07,0,8.2027e+05,-1.0574e-10,651.44,,0.223,0.223,0.3,0
209.5,1.2071e+08,1.7,10334,-2.8038e-07,0,8.2027e+05,-1.1046e-10,651.44,,0.224,0.224,0.3,0
209.5,1.2071e+08,1.7,10334,-2.9992e-07,0,8.2027e+05,-1.1369e-10,651.44,,0.225,0.225,0.3,0
209.5,1.2071e+08,1.7,10334,-3.2266e-07,0,8.2027e+05,-1.1617e-10,651.44,,0.226,0.226,0.3,0
209.5,1.2071e+08,1.7,10334,-3.4539e-07,0,8.2027e+05,-1.1865e-10,651.44,,0.227,0.227,0.3,0
209.5,1.2071e+08,1.7,10334,-3.6813e-07,0,8.2027e+05,-1.2113e-10,651.44,,0.228,0.228,0.3,0
209.5,1.2071e+08,1.7,10334,-3.9087e-07,0,8.2027e+05,-1.2361e-10,651.44,,0.229,0.229,0.3,0
209.5,1.2071e+08,1.7,10334,-4.1361e-07,0,8.2027e+05,-1.2609e-10,651.44,,0.23,0.23,0.3,0
209.5,1.2071e+08,1.7,10334,-4.3635e-07,0,8.2027e+05,-1.2857e-10,651.44,,0.231,0.231,0.3,0
209.5,1.2071e+08,1.7,10334,-4.5908e-07,0,8.2027e+05,-1.3105e-10,651.44,,0.232,0.232,0.3,0
209.5,1.2071e+08,1.7,10334,-4.8182e-07,0,8.2027e+05,-1.3353e-10,651.44,,0.233,0.233,0.3,0
209.5,1.2071e+08,1.7,10334,-5.0456e-07,0,8.2027e+05,-1.3601e-10,651.44,,0.234,0.234,0.3,0
209.5,1.2071e+08,1.7,10334,-5.273e-07,0,8.2027e+05,-1.3848e-10,651.44,,0.235,0.235,0.3,0
209.5,1.2071e+08,1.7,10334,-5.5004e-07,0,8.2027e+05,-1.4096e-10,651.44,,0.236,0.236,0.3,0
209.5,1.2071e+08,1.7,10334,-5.7277e-07,0,8.2027e+05,-1.4344e-10,651.44,,0.237,0.237,0.3,0
209.5,1.2071e+08,1.7,10334,-5.9551e-07,0,8.2027e+05,-1.4592e-10,651.44,,0.238,0.238,0.3,0
209.5,1.2071e+08,1.7,10334,-6.1825e-07,0,8.2027e+05,-1.484e-10,651.44,,0.239,0.239,0.3,0
209.5,1.2071e+08,1.7,10334,-6.4099e-07,0,8.2027e+05,-1.5088e-10,651.44,,0.24,0.24,0.3,0
209.5,1.2071e+08,1.7,10334,-6.6372e-07,0,8.2027e+05,-1.5336e-10,651.44,,0.241,0.241,0.3,0
209.5,1.2071e+08,1.7,10334,-6.8646e-07,0,8.2027e+05,-1.5584e-10,651.44,,0.242,0.242,0.3,0
209.5,1.2071e+08,1.7,10334,-7.092e-07,0,8.2027e+05,-1.5832e-10,651.44,,0.243,0.243,0.3,0
209.5,1.2071e+08,1.7,10334,-7.3194e-07,0,8.2027e+05,-1.608e-10,651.44,,0.244,0.244,0.3,0
209.5,1.2071e+08,1.7,10334,-7.5425e-07,0,8.2027e+05,-1.633e-10,651.44,,0.245,0.245,0.3,0
209.5,1.2071e+08,1.7,10334,-6.7287e-07,0,8.2027e+05,-1.3052e-10,651.44,,0.246,0.246,0.3,0
209.5,1.2071e+08,1.7,10334,-5.8954e-07,0,8.2027e+05,-9.7121e-11,651.44,,0.247,0.247,0.3,0
209.5,1.2071e+08,1.7,10334,-5.0621e-07,0,8.2027e+05,-6.3721e-11,651.44,,0.248,0.248,0.3,0
209.5,1.2071e+08,1.7,10334,-4.2287e-07,0,8.2027e+05,-3.0322e-11,651.44,,0.249,0.249,0.3,0
209.5,1.2071e+08,1.7,10334,-3.3954e-07,0,8.2027e+05,3.0784e-12,651.44,,0.25,0.25,0.3,0
209.5,1.2071e+08,1.7,10334,-2.5621e-07,0,8.2027e+05,3.6478e-11,651.44,,0.251,0.251,0.3,0
209.5,1.2071e+08,1.7,10334,-1.7288e-07,0,8.2027e+05,6.9878e-11,651.44,,0.252,0.252,0.3,0
209.5,1.2071e+08,1.7,10334,-8.9544e-08,0,8.2027e+05,1.0328e-10,651.44,,0.253,0.253,0.3,0
209.5,1.2071e+08,1.7,10334,-6.2097e-09,0,8.2027e+05,1.3668e-10,651.44,,0.254,0.254,0.3,0
209.5,1.2071e+08,1.7,10334,7.7122e-08,0,8.2027e+05,1.7008e-10,651.44,,0.255,0.255,0.3,0
209.5,1.2071e+08,1.7,10334,1.6046e-07,0,8.2027e+05,2.0348e-10,651.44,,0.256,0.256,0.3,0
209.5,1.2071e+08,1.7,10334,2.4379e-07,0,8.2027e+05,2.3688e-10,651.44,,0.257,0.257,0.3,0
209.5,1.2071e+08,1.7,10334,3.2712e-07,0,8.2027e+05,2.7028e-10,651.44,,0.258,0.258,0.3,0
209.5,1.2071e+08,1.7,10334,4.1045e-07,0,8.2027e+05,3.0368e-10,651.44,,0.259,0.259,0.3,0
209.5,1.2071e+08,1.7,10334,4.9378e-07,0,8.2027e+05,3.3708e-10,651.44,,0.26,0.26,0.3,0
209.5,1.2071e+08,1.7,10334,5.7712e-07,0,8.2027e+05,3.7048e-10,651.44,,0.261,0.261,0.3,0
209.5,1.2071e+08,1.7,10334,6.6045e-07,0,8.2027e+05,4.0388e-10,651.44,,0.262,0.262,0.3,0
209.5,1.2071e+08,1.7,10334,7.4378e-07,0,8.2027e+05,4.3728e-10,651.44,,0.263,0.263,0.3,0
209.5,1.2071e+08,1.7,10334,8.2712e-07,0,8.2027e+05,4.7068e-10,651.44,,0.264,0.264,0.3,0
209.5,1.2071e+08,1.7,10334,9.1045e-07,0,8.2027e+05,5.0408e-10,651.44,,0.265,0.265,0.3,0
209.5,1.2071e+08,1.7,10334,1.0227e-06,0,8.2027e+05,5.4245e-10,651.44,,0.266,0.266,0.3,0
209.5,1.2071e+08,1.7,10334,1.1914e-06,0,8.2027e+05,5.9051e-10,651.44,,0.267,0.267,0.3,0
209.5,1.2071e+08,1.7,10334,1.4146e-06,0,8.2027e+05,6.5016e-10,651.44,,0.268,0.268,0.3,0
209.5,1.2071e+08,1.7,10334,1.9865e-06,0,8.2027e+05,7.8398e-10,651.44,,0.269,0.269,0.3,0
209.5,1.2071e+08,1.7,10334,2.5585e-06,0,8.2027e+05,9.178e-10,651.44,,0.27,0.27,0.3,0
209.5,1.2071e+08,1.7,10334,3.1305e-06,0,8.2027e+05,1.0516e-09,651.44,,0.271,0.271,0.3,0
209.5,1.2071e+08,1.7,10334,3.7025e-06,0,8.2027e+05,1.1854e-09,651.44,,0.272,0.272,0.3,0
209.5,1.2071e+08,1.7,10334,4.2745e-06,0,8.2027e+05,1.3193e-09,651.44,,0.273,0.273,0.3,0
209.5,1.2071e+08,1.7,10334,4.8465e-06,0,8.2027e+05,1.4531e-09,651.44,,0.274,0.274,0.3,0
209.5,1.2071e+08,1.7,10334,5.4185e-06,0,8.2027e+05,1.5869e-09,651.44,,0.275,0.275,0.3,0
209.5,1.2071e+08,1.7,10334,5.9905e-06,0,8.2027e+05,1.7207e-09,651.44,,0.276,0.276,0.3,0
209.5,1.2071e+08,1.7,10334,6.5625e-06,0,8.2027e+05,1.8545e-09,651.44,,0.277,0.277,0.3,0
209.5,1.2071e+08,1.7,10334,7.1344e-06,0,8.2027e+05,1.9884e-09,651.44,,0.278,0.278,0.3,0
209.5,1.2071e+08,1.7,10334,7.7064e-06,0,8.2027e+05,2.1222e-09,651.44,,0.279,0.279,0.3,0
209.5,1.2071e+08,1.7,10334,8.2784e-06,0,8.2027e+05,2.256e-09,651.44,,0.28,0.28,0.3,0
209.5,1.2071e+08,1.7,10334,8.8504e-06,0,8.2027e+05,2.3898e-09,651.44,,0.281,0.281,0.3,0
209.5,1.2071e+08,1.7,10334,9.4224e-06,0,8.2027e+05,2.5236e-09,651.44,,0.282,0.282,0.3,0
209.5,1.2071e+08,1.7,10334,9.9944e-06,0,8.2027e+05,2.6574e-09,651.44,,0.283,0.283,0.3,0
209.5,1.2071e+08,1.7,10334,1.0566e-05,0,8.2027e+05,2.7913e-09,651.44,,0.284,0.284,0.3,0
209.5,1.2071e+08,1.7,10334,1.1138e-05,0,8.2027e+05,2.9251e-09,651.44,,0.285,0.285,0.3,0
209.5,1.2071e+08,1.7,10334,1.171e-05,0,8.2027e+05,3.0589e-09,651.44,,0.286,0.286,0.3,0
209.5,1.2071e+08,1.7,10334,1.2277e-05,0,8.2027e+05,3.2082e-09,651.44,,0.287,0.287,0.3,0
209.5,1.2071e+08,1.7,10334,1.2842e-05,0,8.2027e+05,3.3653e-09,651.44,,0.288,0.288,0.3,0
209.5,1.2071e+08,1.7,10334,1.3407e-05,0,8.2027e+05,3.5225e-09,651.44,,0.289,0.289,0.3,0
209.5,1.2071e+08,1.7,10334,1.3971e-05,0,8.2027e+05,3.6796e-09,651.44,,0.29,0.29,0.3,0
209.5,1.2071e+08,1.7,10334,1.4536e-05,0,8.2027e+05,3.8367e-09,651.44,,0.291,0.291,0.3,0
209.5,1.2071e+08,1.7,10334,1.5194e-05,0,8.2027e+05,3.9486e-09,651.44,,0.292,0.292,0.3,0
209.5,1.2071e+08,1.7,10334,1.5896e-05,0,8.2027e+05,4.0391e-09,651.44,,0.293,0.293,0.3,0
209.5,1.2071e+08,1.7,10334,1.6599e-05,0,8.2027e+05,4.1296e-09,651.44,,0.294,0.294,0.3,0
209.5,1.2071e+08,1.7,10334,1.7301e-05,0,8.2027e+05,4.2201e-09,651.44,,0.295,0.295,0.3,0
209.5,1.2071e+08,1.7,10334,1.8004e-05,0,8.2027e+05,4.3106e-09,651.44,,0.296,0.296,0.3,0
209.5,1.2071e+08,1.7,10334,1.8706e-05,0,8.2027e+05,4.4011e-09,651.44,,0.297,0.297,0.3,0
209.5,1.2071e+08,1.7,10334,1.9408e-05,0,8.2027e+05,4.4916e-09,651.44,,0.298,0.298,0.3,0
209.5,1.2071e+08,1.7,10334,2.0111e-05,0,8.2027e+05,4.5822e-09,651.44,,0.299,0.299,0.3,0
209.5,1.2071e+08,1.7,10334,2.0813e-05,0,8.2027e+05,4.6727e-09,651.44,,0.3,0.3,0.3,0
209.5,1.2071e+08,1.7,10334,2.1516e-05,0,8.2027e+05,4.7632e-09,651.44,,0.301,0.301,0.3,0
209.5,1.2071e+08,1.7,10334,2.2218e-05,0,8.2027e+05,4.8537e-09,651.44,,0.302,0.302,0.3,0
209.5,1.2071e+08,1.7,10334,2.292e-05,0,8.2027e+05,4.9442e-09,651.44,,0.303,0.303,0.3,0
209.5,1.2071e+08,1.7,10334,2.3623e-05,0,8.2027e+05,5.0347e-09,651.44,,0.304,0.304,0.3,0
209.5,1.2071e+08,1.7,10334,2.4325e-05,0,8.2027e+05,5.1252e-09,651.44,,0.305,0.305,0.3,0
209.5,1.2071e+08,1.7,10334,2.5027e-05,0,8.2027e+05,5.2157e-09,651.44,,0.306,0.306,0.3,0
209.5,1.2071e+08,1.7,10334,2.573e-05,0,8.2027e+05,5.3063e-09,651.44,,0.307,0.307,0.3,0
209.5,1.2071e+08,1.7,10334,2.6369e-05,0,8.2027e+05,5.375e-09,651.44,,0.308,0.308,0.3,0
209.5,1.2071e+08,1.7,10334,2.7008e-05,0,8.2027e+05,5.4435e-09,651.44,,0.309,0.309,0.3,0
209.5,1.2071e+08,1.7,10334,2.7647e-05,0,8.2027e+05,5.512e-09,651.44,,0.31,0.31,0.3,0
209.5,1.2071e+08,1.7,10334,2.8285e-05,0,8.2027e+05,5.5805e-09,651.44,,0.311,0.311,0.3,0
209.5,1.2071e+08,1.7,10334,2.8924e-05,0,8.2027e+05,5.6491e-09,651.44,,0.312,0.312,0.3,0
209.5,1.2071e+08,1.7,10334,2.9563e-05,0,8.2027e+05,5.7176e-09,651.44,,0.313,0.313,0.3,0
209.5,1.2071e+08,1.7,10334,3.0201e-05,0,8.2027e+05,5.7861e-09,651.44,,0.314,0.314,0.3,0
209.5,1.2071e+08,1.7,10334,3.084e-05,0,8.2027e+05,5.8546e-09,651.44,,0.315,0.315,0.3,0
209.5,1.2071e+08,1.7,10334,2.9675e-05,0,8.2027e+05,5.5291e-09,651.44,,0.316,0.316,0.3,0
209.5,1.2071e+08,1.7,10334,2.7155e-05,0,8.2027e+05,4.9077e-09,651.44,,0.317,0.317,0.3,0
209.5,1.2071e+08,1.7,10334,2.4636e-05,0,8.2027e+05,4.2864e-09,651.44,,0.318,0.318,0.3,0
209.5,1.2071e+08,1.7,10334,2.2116e-05,0,8.2027e+05,3.665e-09,651.44,,0.319,0.319,0.3,0
209.5,1.2071e+08,1.7,10334,1.9597e-05,0,8.2027e+05,3.0437e-09,651.44,,0.32,0.32,0.3,0
209.5,1.2071e+08,1.7,10334,1.7077e-05,0,8.2027e+05,2.4223e-09,651.44,,0.321,0.321,0.3,0
209.5,1.2071e+08,1.7,10334,1.4557e-05,0,8.2027e+05,1.8009e-09,651.44,,0.322,0.322,0.3,0
209.5,1.2071e+08,1.7,10334,1.2038e-05,0,8.2027e+05,1.1795e-09,651.44,,0.323,0.323,0.3,0
209.5,1.2071e+08,1.7,10334,9.5182e-06,0,8.2027e+05,5.5819e-10,651.44,,0.324,0.324,0.3,0
209.5,1.2071e+08,1.7,10334,6.9986e-06,0,8.2027e+05,-6.3171e-11,651.44,,0.325,0.325,0.3,0
209.5,1.2071e+08,1.7,10334,4.479e-06,0,8.2027e+05,-6.8455e-10,651.44,,0.326,0.326,0.3,0
209.5,1.2071e+08,1.7,10334,1.9594e-06,0,8.2027e+05,-1.3059e-09,651.44,,0.327,0.327,0.3,0
209.5,1.2071e+08,1.7,10334,-4.9922e-07,0,8.2027e+05,-1.9175e-09,651.44,,0.328,0.328,0.3,0
209.5,1.2071e+08,1.7,10334,-2.7703e-06,0,8.2027e+05,-2.4992e-09,651.44,,0.329,0.329,0.3,0
209.5,1.2071e+08,1.7,10334,-5.0415e-06,0,8.2027e+05,-3.0809e-09,651.44,,0.33,0.33,0.3,0
209.5,1.2071e+08,1.7,10334,-7.3126e-06,0,8.2027e+05,-3.6626e-09,651.44,,0.331,0.331,0.3,0
209.5,1.2071e+08,1.7,10334,-9.5836e-06,0,8.2027e+05,-4.2443e-09,651.44,,0.332,0.332,0.3,0
209.5,1.2071e+08,1.7,10334,-1.1855e-05,0,8.2027e+05,-4.8261e-09,651.44,,0.333,0.333,0.3,0
209.5,1.2071e+08,1.7,10334,-1.4126e-05,0,8.2027e+05,-5.4077e-09,651.44,,0.334,0.334,0.3,0
209.5,1.2071e+08,1.7,10334,-1.6397e-05,0,8.2027e+05,-5.9895e-09,651.44,,0.335,0.335,0.3,0
209.5,1.2071e+08,1.7,10334,-1.8668e-05,0,8.2027e+05,-6.5712e-09,651.44,,0.336,0.336,0.3,0
209.5,1.2071e+08,1.7,10334,-2.0939e-05,0,8.2027e+05,-7.1529e-09,651.44,,0.337,0.337,0.3,0
209.5,1.2071e+08,1.7,10334,-2.321e-05,0,8.2027e+05,-7.7346e-09,651.44,,0.338,0.338,0.3,0
209.5,1.2071e+08,1.7,10334,-2.5481e-05,0,8.2027e+05,-8.3163e-09,651.44,,0.339,0.339,0.3,0
209.5,1.2071e+08,1.7,10334,-3.0488e-05,0,8.2027e+05,-9.4702e-09,651.44,,0.34,0.34,0.3,0
209.5,1.2071e+08,1.7,10334,-0.00025146,0,8.2027e+05,-5.5812e-08,651.44,,0.341,0.341,0.3,0
209.5,1.2071e+08,1.7,10334,-0.00047244,0,8.2027e+05,-1.0215e-07,651.44,,0.342,0.342,0.3,0
209.5,1.2071e+08,1.7,10334,-0.00069342,0,8.2027e+05,-1.485e-07,651.44,,0.343,0.343,0.3,0
209.5,1.2071e+08,1.7,10334,-0.0009144,0,8.2027e+05,-1.9484e-07,651.44,,0.344,0.344,0.3,0
209.5,1.2071e+08,1.7,10334,-0.0011354,0,8.2027e+05,-2.4118e-07,651.44,,0.345,0.345,0.3,0
209.5,1.2071e+08,1.7,10334,-0.0013564,0,8.2027e+05,-2.8752e-07,651.44,,0.346,0.346,0.3,0
209.5,1.2071e+08,1.7,10334,-0.0015773,0,8.2027e+05,-3.3387e-07,651.44,,0.347,0.347,0.3,0
209.5,1.2071e+08,1.7,10334,-0.0017983,0,8.2027e+05,-3.8021e-07,651.44,,0.348,0.348,0.3,0
209.5,1.2071e+08,1.7,10334,-0.0020213,0,8.2027e+05,-4.266e-07,651.44,,0.349,0.349,0.3,0
209.5,1.2071e+08,1.7,10334,-0.0022465,0,8.2027e+05,-4.7306e-07,651.44,,0.35,0.35,0.3,0
209.5,1.2071e+08,1.7,10334,-0.0024718,0,8.2027e+05,-5.1951e-07,651.44,,0.351,0.351,0.3,0
209.5,1.2071e+08,1.7,10334,-0.0026971,0,8.2027e+05,-5.6597e-07,651.44,,0.352,0.352,0.3,0
209.5,1.2071e+08,1.7,10334,-0.0029224,0,8.2027e+05,-6.1242e-07,651.44,,0.353,0.353,0.3,0
209.5,1.2071e+08,1.7,10334,-0.0031476,0,8.2027e+05,-6.5888e-07,651.44,,0.354,0.354,0.3,0
209.5,1.2071e+08,1.7,10334,-0.0033729,0,8.2027e+05,-7.0534e-07,651.44,,0.355,0.355,0.3,0
209.5,1.2071e+08,1.7,10334,-0.0035982,0,8.2027e+05,-7.5179e-07,651.44,,0.356,0.356,0.3,0
209.5,1.2071e+08,1.7,10334,-0.0038235,0,8.2027e+05,-7.9825e-07,651.44,,0.357,0.357,0.3,0
209.5,1.2071e+08,1.7,10334,-0.0040488,0,8.2027e+05,-8.447e-07,651.44,,0.358,0.358,0.3,0
209.5,1.2071e+08,1.7,10334,-0.004274,0,8.2027e+05,-8.9116e-07,651.44,,0.359,0.359,0.3,0
209.5,1.2071e+08,1.7,10334,-0.0044993,0,8.2027e+05,-9.3762e-07,651.44,,0.36,0.36,0.3,0
209.5,1.2071e+08,1.7,10334,-0.0047246,0,8.2027e+05,-9.8407e-07,651.44,,0.361,0.361,0.3,0
209.5,1.2071e+08,1.7,10334,-0.0049499,0,8.2027e+05,-1.0305e-06,651.44,,0.362,0.362,0.3,0
209.5,1.2071e+08,1.7,10334,-0.0051752,0,8.2027e+05,-1.077e-06,651.44,,0.363,0.363,0.3,0
209.5,1.2071e+08,1.7,10334,-0.006928,0,8.2027e+05,-1.3844e-06,651.44,,0.364,0.364,0.3,0
209.5,1.2071e+08,1.7,10334,-0.011587,0,8.2027e+05,-2.1881e-06,651.44,,0.365,0.365,0.3,0
209.5,1.2071e+08,1.7,10334,-0.016246,0,8.2027e+05,-2.9919e-06,651.44,,0.366,0.366,0.3,0
209.5,1.2071e+08,1.7,10334,-0.020905,0,8.2027e+05,-3.7956e-06,651.44,,0.367,0.367,0.3,0
209.5,1.2071e+08,1.7001,10334,-0.025566,0,8.2027e+05,-4.5998e-06,651.44,,0.368,0.368,0.3,0
209.5,1.2071e+08,1.7001,10334,-0.031037,0,8.2027e+05,-5.5626e-06,651.44,,0.369,0.369,0.3,0
209.5,1.2071e+08,1.7001,10334,-0.036508,0,8.2027e+05,-6.5255e-06,651.44,,0.37,0.37,0.3,0
209.5,1.2071e+08,1.7001,10334,-0.041978,0,8.2027e+05,-7.4883e-06,651.44,,0.371,0.371,0.3,0
209.5,1.2071e+08,1.7001,10334,-0.047449,0,8.2027e+05,-8.4511e-06,651.44,,0.372,0.372,0.3,0
209.5,1.2071e+08,1.7001,10334,-0.05292,0,8.2027e+05,-9.4139e-06,651.44,,0.373,0.373,0.3,0
209.5,1.2071e+08,1.7001,10334,-0.058391,0,8.2027e+05,-1.0377e-05,651.44,,0.374,0.374,0.3,0
209.5,1.2071e+08,1.7001,10334,-0.063862,0,8.2027e+05,-1.134e-05,651.44,,0.375,0.375,0.3,0
209.5,1.2071e+08,1.7002,10334,-0.069333,0,8.2027e+05,-1.2302e-05,651.44,,0.376,0.376,0.3,0
209.5,1.207e+08,1.7002,10334,-0.074804,0,8.2027e+05,-1.3265e-05,651.44,,0.377,0.377,0.3,0
209.5,1.207e+08,1.7002,10334,-0.080275,0,8.2027e+05,-1.4228e-05,651.44,,0.378,0.378,0.3,0
209.5,1.207e+08,1.7002,10334,-0.085746,0,8.2027e+05,-1.5191e-05,651.44,,0.379,0.379,0.3,0
209.5,1.207e+08,1.7002,10334,-0.091216,0,8.2027e+05,-1.6154e-05,651.44,,0.38,0.38,0.3,0
209.49,1.207e+08,1.7002,10334,-0.096687,0,8.2027e+05,-1.7117e-05,651.44,,0.381,0.381,0.3,0
209.49,1.207e+08,1.7002,10334,-0.10216,0,8.2027e+05,-1.8079e-05,651.44,,0.382,0.382,0.3,0
209.49,1.207e+08,1.7002,10334,-0.10763,0,8.2027e+05,-1.9042e-05,651.44,,0.383,0.383,0.3,0
209.49,1.207e+08,1.7002,10334,-0.11302,0,8.2027e+05,-1.9991e-05,651.44,,0.384,0.384,0.3,0
209.49,1.207e+08,1.7003,10334,-0.1181,0,8.2027e+05,-2.0882e-05,651.44,,0.385,0.385,0.3,0
209.49,1.207e+08,1.7003,10334,-0.12399,0,8.2027e+05,-2.191e-05,651.44,,0.386,0.386,0.3,0
209.49,1.207e+08,1.7003,10334,-0.14956,0,8.2027e+05,-2.6064e-05,651.44,,0.387,0.387,0.3,0
209.49,1.207e+08,1.7004,10334,-0.19641,0,8.2026e+05,-3.3563e-05,651.44,,0.388,0.388,0.3,0
209.49,1.207e+08,1.7005,10333,-0.24326,0,8.2026e+05,-4.1062e-05,651.44,,0.389,0.389,0.3,0
209.49,1.207e+08,1.7006,10333,-0.29012,0,8.2026e+05,-4.8561e-05,651.44,,0.39,0.39,0.3,0
209.48,1.207e+08,1.7007,10333,-0.33697,0,8.2026e+05,-5.6061e-05,651.44,,0.391,0.391,0.3,0
209.48,1.207e+08,1.7008,10333,-0.38382,0,8.2026e+05,-6.356e-05,651.44,,0.392,0.392,0.3,0
209.48,1.2069e+08,1.7009,10333,-0.43068,0,8.2025e+05,-7.1059e-05,651.44,,0.393,0.393,0.3,0
209.48,1.2069e+08,1.701,10333,-0.47753,0,8.2025e+05,-7.8558e-05,651.44,,0.394,0.394,0.3,0
209.47,1.2069e+08,1.7011,10333,-0.52438,0,8.2025e+05,-8.6057e-05,651.44,,0.395,0.395,0.3,0
209.47,1.2069e+08,1.7012,10333,-0.57124,0,8.2025e+05,-9.3557e-05,651.44,,0.396,0.396,0.3,0
209.47,1.2069e+08,1.7013,10333,-0.61809,0,8.2025e+05,-0.00010106,651.44,,0.397,0.397,0.3,0
209.47,1.2069e+08,1.7013,10333,-0.66494,0,8.2025e+05,-0.00010856,651.44,,0.398,0.398,0.3,0
209.46,1.2069e+08,1.7014,10333,-0.7118,0,8.2024e+05,-0.00011605,651.44,,0.399,0.399,0.3,0
209.46,1.2068e+08,1.7017,10333,-0.85486,0,8.2024e+05,-0.00013752,651.44,,0.4,0.4,0.3,0
209.45,1.2068e+08,1.702,10332,-1.0095,0,8.2023e+05,-0.00016067,651.43,,0.401,0.401,0.3,0
209.44,1.2067e+08,1.7023,10332,-1.1642,0,8.2023e+05,-0.00018381,651.43,,0.402,0.402,0.3,0
209.44,1.2067e+08,1.7026,10332,-1.3189,0,8.2022e+05,-0.00020696,651.43,,0.403,0.403,0.3,0
209.43,1.2067e+08,1.7028,10332,-1.4736,0,8.2021e+05,-0.00023011,651.43,,0.404,0.404,0.3,0
209.42,1.2066e+08,1.7031,10332,-1.6282,0,8.2021e+05,-0.00025326,651.43,,0.405,0.405,0.3,0
209.42,1.2066e+08,1.7034,10331,-1.7829,0,8.202e+05,-0.00027641,651.43,,0.406,0.406,0.3,0
209.41,1.2065e+08,1.7037,10331,-1.9376,0,8.202e+05,-0.00029956,651.43,,0.407,0.407,0.3,0
209.4,1.2065e+08,1.7039,10331,-2.0671,0,8.2019e+05,-0.00031891,651.43,,0.408,0.408,0.3,0
209.4,1.2065e+08,1.7042,10331,-2.188,0,8.2019e+05,-0.00033698,651.43,,0.409,0.409,0.3,0
209.39,1.2064e+08,1.7044,10331,-2.309,0,8.2018e+05,-0.00035505,651.43,,0.41,0.41,0.3,0
209.39,1.2064e+08,1.7046,10330,-2.43,0,8.2018e+05,-0.00037312,651.43,,0.411,0.411,0.3,0
209.37,1.2063e+08,1.7051,10330,-2.7136,0,8.2017e+05,-0.00041479,651.43,,0.412,0.412,0.3,0
209.36,1.2062e+08,1.7058,10330,-3.0818,0,8.2015e+05,-0.00046874,651.43,,0.413,0.413,0.3,0
209.34,1.2062e+08,1.7065,10329,-3.45,0,8.2014e+05,-0.00052268,651.42,,0.414,0.414,0.3,0
209.32,1.2061e+08,1.7071,10329,-3.8182,0,8.2013e+05,-0.00057663,651.42,,0.415,0.415,0.3,0
209.3,1.2059e+08,1.708,10328,-4.2656,0,8.2011e+05,-0.00064153,651.42,,0.416,0.416,0.3,0
209.27,1.2058e+08,1.7092,10327,-4.9807,0,8.2008e+05,-0.0007435,651.42,,0.417,0.417,0.3,0
209.24,1.2056e+08,1.7105,10326,-5.6958,0,8.2006e+05,-0.00084547,651.41,,0.418,0.418,0.3,0
209.22,1.2054e+08,1.7115,10325,-6.2731,0,8.2004e+05,-0.00092756,651.41,,0.419,0.419,0.3,0
209.2,1.2053e+08,1.7123,10324,-6.7266,0,8.2002e+05,-0.0009918,651.41,,0.42,0.42,0.3,0
209.18,1.2052e+08,1.7131,10324,-7.1801,0,8.2e+05,-0.001056,651.41,,0.421,0.421,0.3,0
209.16,1.2051e+08,1.7139,10323,-7.6336,0,8.1999e+05,-0.0011203,651.41,,0.422,0.422,0.3,0
209.14,1.205e+08,1.7147,10323,-8.0872,0,8.1997e+05,-0.0011845,651.4,,0.423,0.423,0.3,0
209.09,1.2047e+08,1.7166,10321,-9.1564,0,8.1993e+05,-0.0013334,651.4,,0.424,0.424,0.3,0
209.05,1.2045e+08,1.7183,10320,-10.096,0,8.199e+05,-0.0014648,651.4,,0.425,0.425,0.3,0
209.01,1.2042e+08,1.7199,10318,-11.035,0,8.1987e+05,-0.0015963,651.39,,0.426,0.426,0.3,0
208.97,1.204e+08,1.7216,10317,-11.975,0,8.1983e+05,-0.0017277,651.39,,0.427,0.427,0.3,0
208.93,1.2038e+08,1.7233,10316,-12.914,0,8.198e+05,-0.0018592,651.38,,0.428,0.428,0.3,0
208.89,1.2035e+08,1.7251,10314,-13.935,0,8.1976e+05,-0.0020015,651.38,,0.429,0.429,0.3,0
208.82,1.2031e+08,1.7277,10312,-15.417,0,8.1971e+05,-0.0022059,651.37,,0.43,0.43,0.3,0
208.76,1.2028e+08,1.7304,10310,-16.908,0,8.1966e+05,-0.0024116,651.37,,0.431,0.431,0.3,0
208.69,1.2024e+08,1.733,10308,-18.398,0,8.1961e+05,-0.0026173,651.36,,0.432,0.432,0.3,0
208.63,1.202e+08,1.7357,10306,-19.889,0,8.1955e+05,-0.0028229,651.35,,0.433,0.433,0.3,0
208.56,1.2016e+08,1.7384,10304,-21.38,0,8.195e+05,-0.0030286,651.35,,0.434,0.434,0.3,0
208.51,1.2013e+08,1.7406,10302,-22.659,0,8.1946e+05,-0.0032061,651.34,,0.435,0.435,0.3,0
208.44,1.2009e+08,1.7436,10300,-24.296,0,8.194e+05,-0.0034301,651.33,,0.436,0.436,0.3,0
208.34,1.2004e+08,1.7474,10297,-26.411,0,8.1933e+05,-0.003716,651.32,,0.437,0.437,0.3,0
208.25,1.1998e+08,1.7513,10293,-28.526,0,8.1925e+05,-0.0040019,651.32,,0.438,0.438,0.3,0
208.16,1.1993e+08,1.755,10290,-30.567,0,8.1918e+05,-0.0042781,651.31,,0.439,0.439,0.3,0
208.08,1.1989e+08,1.7583,10288,-32.411,0,8.1912e+05,-0.0045292,651.3,,0.44,0.44,0.3,0
208,1.1984e+08,1.7616,10285,-34.256,0,8.1905e+05,-0.0047802,651.29,,0.441,0.441,0.3,0
207.91,1.1979e+08,1.7653,10282,-36.299,0,8.1898e+05,-0.0050555,651.28,,0.442,0.442,0.3,0
207.79,1.1972e+08,1.7703,10278,-38.986,0,8.1889e+05,-0.0054095,651.27,,0.443,0.443,0.3,0
207.69,1.1966e+08,1.7748,10274,-41.409,0,8.1881e+05,-0.0057311,651.26,,0.444,0.444,0.3,0
207.58,1.196e+08,1.7791,10271,-43.757,0,8.1873e+05,-0.0060435,651.25,,0.445,0.445,0.3,0
207.48,1.1954e+08,1.7834,10268,-46.106,0,8.1865e+05,-0.006356,651.24,,0.446,0.446,0.3,0
207.38,1.1948e+08,1.7877,10264,-48.454,0,8.1857e+05,-0.0066685,651.23,,0.447,0.447,0.3,0
207.27,1.1941e+08,1.7924,10260,-50.974,0,8.1849e+05,-0.0070004,651.22,,0.448,0.448,0.3,0
207.14,1.1934e+08,1.7979,10256,-53.873,0,8.1839e+05,-0.0073755,651.21,,0.449,0.449,0.3,0
207.01,1.1927e+08,1.8033,10251,-56.774,0,8.183e+05,-0.0077508,651.19,,0.45,0.45,0.3,0
206.88,1.1919e+08,1.8088,10247,-59.675,0,8.182e+05,-0.0081262,651.18,,0.451,0.451,0.3,0
206.76,1.1912e+08,1.8143,10242,-62.576,0,8.1811e+05,-0.0085015,651.17,,0.452,0.452,0.3,0
206.64,1.1905e+08,1.8193,10238,-65.248,0,8.1802e+05,-0.0088497,651.16,,0.453,0.453,0.3,0
206.51,1.1897e+08,1.8248,10234,-68.17,0,8.1792e+05,-0.0092241,651.14,,0.454,0.454,0.3,0
206.36,1.1889e+08,1.8312,10229,-71.435,0,8.1782e+05,-0.0096356,651.13,,0.455,0.455,0.3,0
206.22,1.1881e+08,1.8375,10224,-74.7,0,8.1771e+05,-0.010047,651.11,,0.456,0.456,0.3,0
206.07,1.1872e+08,1.8438,10218,-77.915,0,8.1761e+05,-0.010453,651.1,,0.457,0.457,0.3,0
205.94,1.1865e+08,1.8494,10214,-80.858,0,8.1751e+05,-0.010829,651.09,,0.458,0.458,0.3,0
205.81,1.1857e+08,1.855,10209,-83.801,0,8.1742e+05,-0.011206,651.07,,0.459,0.459,0.3,0
205.66,1.1848e+08,1.8616,10204,-87.143,0,8.1731e+05,-0.011621,651.06,,0.46,0.46,0.3,0
205.5,1.1839e+08,1.8687,10198,-90.674,0,8.172e+05,-0.012054,651.04,,0.461,0.461,0.3,0
205.35,1.183e+08,1.8754,10193,-94.019,0,8.171e+05,-0.012469,651.03,,0.462,0.462,0.3,0
205.2,1.1822e+08,1.8817,10187,-97.245,0,8.1699e+05,-0.012871,651.01,,0.463,0.463,0.3,0
205.06,1.1813e+08,1.8881,10182,-100.47,0,8.1689e+05,-0.013273,651,,0.464,0.464,0.3,0
204.91,1.1805e+08,1.8945,10177,-103.7,0,8.1679e+05,-0.013675,650.98,,0.465,0.465,0.3,0
204.74,1.1795e+08,1.902,10171,-107.32,0,8.1668e+05,-0.014111,650.97,,0.466,0.466,0.3,0
204.59,1.1786e+08,1.9089,10165,-110.73,0,8.1657e+05,-0.014525,650.95,,0.467,0.467,0.3,0
204.43,1.1777e+08,1.9159,10160,-114.14,0,8.1647e+05,-0.014939,650.94,,0.468,0.468,0.3,0
204.28,1.1768e+08,1.9228,10154,-117.56,0,8.1636e+05,-0.015355,650.92,,0.469,0.469,0.3,0
204.11,1.1759e+08,1.93,10148,-121.08,0,8.1625e+05,-0.015779,650.9,,0.47,0.47,0.3,0
203.96,1.175e+08,1.937,10142,-124.5,0,8.1615e+05,-0.016193,650.89,,0.471,0.471,0.3,0
203.79,1.174e+08,1.9447,10136,-128.09,0,8.1604e+05,-0.016617,650.87,,0.472,0.472,0.3,0
203.62,1.173e+08,1.9523,10130,-131.69,0,8.1593e+05,-0.017041,650.85,,0.473,0.473,0.3,0
203.45,1.172e+08,1.9599,10123,-135.28,0,8.1582e+05,-0.017465,650.84,,0.474,0.474,0.3,0
203.29,1.1711e+08,1.9674,10117,-138.82,0,8.1571e+05,-0.017884,650.82,,0.475,0.475,0.3,0
203.13,1.1702e+08,1.9744,10112,-142.17,0,8.1561e+05,-0.018286,650.8,,0.476,0.476,0.3,0
202.97,1.1693e+08,1.9816,10106,-145.58,0,8.1551e+05,-0.018691,650.79,,0.477,0.477,0.3,0
202.81,1.1683e+08,1.9893,10099,-149.14,0,8.154e+05,-0.019103,650.77,,0.478,0.478,0.3,0
202.64,1.1673e+08,1.997,10093,-152.67,0,8.153e+05,-0.019513,650.75,,0.479,0.479,0.3,0
202.48,1.1664e+08,2.0044,10087,-156.09,0,8.152e+05,-0.019912,650.74,,0.48,0.48,0.3,0
202.32,1.1654e+08,2.0118,10081,-159.51,0,8.151e+05,-0.020312,650.72,,0.481,0.481,0.3,0
202.15,1.1645e+08,2.0194,10075,-163,0,8.1499e+05,-0.020712,650.71,,0.482,0.482,0.3,0
201.98,1.1635e+08,2.0272,10068,-166.51,0,8.1489e+05,-0.021112,650.69,,0.483,0.483,0.3,0
201.81,1.1625e+08,2.0349,10062,-169.94,0,8.1479e+05,-0.0215,650.67,,0.484,0.484,0.3,0
201.65,1.1616e+08,2.0424,10055,-173.35,0,8.1469e+05,-0.021889,650.65,,0.485,0.485,0.3,0
201.49,1.1607e+08,2.0499,10049,-176.74,0,8.146e+05,-0.022277,650.64,,0.486,0.486,0.3,0
201.32,1.1597e+08,2.0576,10043,-180.12,0,8.145e+05,-0.022654,650.62,,0.487,0.487,0.3,0
201.16,1.1588e+08,2.0652,10037,-183.45,0,8.144e+05,-0.02303,650.61,,0.488,0.488,0.3,0
201,1.1578e+08,2.0727,10030,-186.79,0,8.1431e+05,-0.023407,650.59,,0.489,0.489,0.3,0
200.84,1.1569e+08,2.0802,10024,-190.08,0,8.1421e+05,-0.023772,650.57,,0.49,0.49,0.3,0
200.68,1.1559e+08,2.0877,10018,-193.36,0,8.1412e+05,-0.024135,650.56,,0.491,0.491,0.3,0
200.51,1.155e+08,2.0952,10012,-196.64,0,8.1403e+05,-0.024498,650.54,,0.492,0.492,0.3,0
200.35,1.1541e+08,2.1027,10005,-199.86,0,8.1394e+05,-0.02485,650.52,,0.493,0.493,0.3,0
200.19,1.1532e+08,2.1102,9999,-203.08,0,8.1385e+05,-0.025202,650.51,,0.494,0.494,0.3,0
200.04,1.1522e+08,2.1176,9992.8,-206.27,0,8.1376e+05,-0.025552,650.49,,0.495,0.495,0.3,0
199.88,1.1513e+08,2.1251,9986.5,-209.44,0,8.1367e+05,-0.025896,650.48,,0.496,0.496,0.3,0
199.72,1.1504e+08,2.1324,9980.3,-212.58,0,8.1359e+05,-0.026238,650.46,,0.497,0.497,0.3,0
199.56,1.1495e+08,2.1398,9974.1,-215.72,0,8.135e+05,-0.026578,650.44,,0.498,0.498,0.3,0
199.4,1.1486e+08,2.1472,9967.8,-218.84,0,8.1341e+05,-0.026914,650.43,,0.499,0.499,0.3,0
199.25,1.1477e+08,2.1544,9961.7,-221.93,0,8.1333e+05,-0.027246,650.41,,0.5,0.5,0.3,0
199.09,1.1468e+08,2.1618,9955.4,-225.04,0,8.1324e+05,-0.027579,650.4,,0.501,0.501,0.3,0
198.93,1.1458e+08,2.1693,9949,-228.17,0,8.1316e+05,-0.027913,650.38,,0.502,0.502,0.3,0
198.77,1.1449e+08,2.1768,9942.7,-231.29,0,8.1307e+05,-0.028245,650.36,,0.503,0.503,0.3,0
198.61,1.144e+08,2.1844,9936.1,-234.47,0,8.1299e+05,-0.028583,650.35,,0.504,0.504,0.3,0
198.44,1.143e+08,2.1923,9929.4,-237.72,0,8.129e+05,-0.028925,650.33,,0.505,0.505,0.3,0
198.28,1.1421e+08,2.1996,9923.2,-240.77,0,8.1282e+05,-0.02925,650.31,,0.506,0.506,0.3,0
198.11,1.1411e+08,2.2076,9916.2,-244.09,0,8.1273e+05,-0.029599,650.3,,0.507,0.507,0.3,0
197.95,1.1401e+08,2.2154,9909.6,-247.28,0,8.1264e+05,-0.029934,650.28,,0.508,0.508,0.3,0
197.77,1.1391e+08,2.2235,9902.5,-250.65,0,8.1255e+05,-0.030285,650.26,,0.509,0.509,0.3,0
197.58,1.138e+08,2.2323,9894.9,-254.22,0,8.1246e+05,-0.030657,650.24,,0.51,0.51,0.3,0
197.39,1.1369e+08,2.2412,9887.1,-257.89,0,8.1236e+05,-0.031037,650.22,,0.511,0.511,0.3,0
197.19,1.1358e+08,2.2504,9879.1,-261.64,0,8.1226e+05,-0.031424,650.2,,0.512,0.512,0.3,0
196.96,1.1344e+08,2.2612,9869.6,-266.06,0,8.1215e+05,-0.031877,650.18,,0.513,0.513,0.3,0
196.7,1.1329e+08,2.2734,9858.8,-271.07,0,8.1202e+05,-0.032388,650.15,,0.514,0.514,0.3,0
196.43,1.1314e+08,2.2856,9848.1,-276.06,0,8.1189e+05,-0.032897,650.12,,0.515,0.515,0.3,0
196.07,1.1292e+08,2.3024,9833,-282.88,0,8.1171e+05,-0.033586,650.09,,0.516,0.516,0.3,0
195.65,1.1268e+08,2.3216,9815.6,-290.6,0,8.1152e+05,-0.034363,650.04,,0.517,0.517,0.3,0
195.15,1.1239e+08,2.3442,9794.9,-299.59,0,8.1129e+05,-0.035265,649.99,,0.518,0.518,0.3,0
194.24,1.1186e+08,2.3835,9756.5,-314.61,0,8.1091e+05,-0.036753,649.9,,0.519,0.519,0.3,0
193,1.1115e+08,2.4325,9703.9,-333.86,0,8.1043e+05,-0.038623,649.79,,0.52,0.52,0.3,0
191.84,1.1047e+08,2.4771,9654.4,-352.46,0,8.0997e+05,-0.040438,649.67,,0.521,0.521,0.3,0
189.85,1.0933e+08,2.5521,9569.1,-381.89,0,8.0925e+05,-0.043254,649.48,,0.522,0.522,0.3,0
186.5,1.0739e+08,2.6242,9425.2,-431.59,0,8.0807e+05,-0.047868,649.14,,0.523,0.523,0.3,0
182.76,1.0522e+08,2.6626,9264.8,-488.51,0,8.0668e+05,-0.053329,648.75,,0.524,0.524,0.3,0
177.61,1.0223e+08,2.6501,9044.8,-568.11,0,8.0472e+05,-0.061015,648.17,,0.525,0.525,0.3,0
171.34,9.8582e+07,2.5091,8780.1,-672.2,0,8.0173e+05,-0.072749,647.42,,0.526,0.526,0.3,0
164.72,9.4733e+07,2.3447,8501,-782.66,0,7.9852e+05,-0.085333,646.62,,0.527,0.527,0.3,0
157.22,9.0377e+07,2.0699,8189.8,-917.3,0,7.9387e+05,-0.10358,645.67,,0.528,0.528,0.3,0
151.2,8.6887e+07,1.907,7945.2,-1039,0,7.8858e+05,-0.12436,644.95,,0.529,0.529,0.3,0
145.4,8.3527e+07,1.7264,7707.7,-1150.4,0,7.8387e+05,-0.14282,644.26,,0.53,0.53,0.3,0
139.78,8.0275e+07,1.5777,7480.8,-1266.9,0,7.785e+05,-0.16389,643.6,,0.531,0.531,0.3,0
136.44,7.835e+07,1.5099,7347.8,-1340.3,0,7.7445e+05,-0.17979,643.25,,0.532,0.532,0.3,0
133.99,7.6938e+07,1.4628,7250.5,-1395,0,7.7133e+05,-0.19205,643,,0.533,0.533,0.3,0
131.99,7.579e+07,1.4264,7171.5,-1439.8,0,7.6868e+05,-0.20245,642.81,,0.534,0.534,0.3,0
130.94,7.5184e+07,1.4091,7130.2,-1464.1,0,7.6715e+05,-0.20843,642.7,,0.535,0.535,0.3,0
130.15,7.4729e+07,1.396,7099.2,-1482.5,0,7.6601e+05,-0.21293,642.63,,0.536,0.536,0.3,0
129.55,7.4386e+07,1.3866,7075.8,-1496.5,0,7.6511e+05,-0.21645,642.57,,0.537,0.537,0.3,0
129.33,7.4258e+07,1.3833,7067.2,-1501.9,0,7.6476e+05,-0.21782,642.54,,0.538,0.538,0.3,0
129.19,7.4176e+07,1.3811,7061.6,-1505.4,0,7.6454e+05,-0.21869,642.53,,0.539,0.539,0.3,0
129.07,7.4105e+07,1.3792,7056.7,-1508.5,0,7.6434e+05,-0.21946,642.51,,0.54,0.54,0.3,0
129,7.4068e+07,1.3783,7054.2,-1510.1,0,7.6424e+05,-0.21986,642.5,,0.541,0.541,0.3,0
128.99,7.4059e+07,1.378,7053.6,-1510.5,0,7.6422e+05,-0.21995,642.5,,0.542,0.542,0.3,0
128.97,7.405e+07,1.3778,7052.9,-1510.9,0,7.6419e+05,-0.22005,642.5,,0.543,0.543,0.3,0
128.97,7.4047e+07,1.3777,7052.8,-1511,0,7.6418e+05,-0.22009,642.5,,0.544,0.544,0.3,0
128.96,7.4043e+07,1.3776,7052.5,-1511.2,0,7.6417e+05,-0.22013,642.5,,0.545,0.545,0.3,0
128.96,7.4043e+07,1.3776,7052.5,-1511.3,0,7.6417e+05,-0.22013,642.5,,0.546,0.546,0.3,0
128.96,7.4043e+07,1.3776,7052.5,-1511.3,0,7.6417e+05,-0.22014,642.5,,0.547,0.547,0.3,0
128.96,7.4043e+07,1.3776,7052.4,-1511.3,0,7.6417e+05,-0.22014,642.5,,0.548,0.548,0.3,0
128.96,7.4042e+07,1.3776,7052.4,-1511.4,0,7.6417e+05,-0.22014,642.5,,0.549,0.549,0.3,0
128.96,7.4042e+07,1.3776,7052.4,-1511.4,0,7.6417e+05,-0.22014,642.5,,0.55,0.55,0.3,0
128.96,7.4042e+07,1.3776,7052.3,-1511.4,0,7.6417e+05,-0.22014,642.5,,0.551,0.551,0.3,0
128.96,7.4042e+07,1.3776,7052.3,-1511.4,0,7.6417e+05,-0.22014,642.5,,0.552,0.552,0.3,0
128.96,7.4042e+07,1.3776,7052.3,-1511.3,0,7.6417e+05,-0.22015,642.5,,0.553,0.553,0.3,0
128.96,7.4041e+07,1.3776,7052.3,-1511.3,0,7.6416e+05,-0.22015,642.5,,0.554,0.554,0.3,0
128.95,7.404e+07,1.3775,7052.2,-1511.3,0,7.6416e+05,-0.22016,642.5,,0.555,0.555,0.3,0
128.95,7.4039e+07,1.3775,7052.2,-1511.2,0,7.6416e+05,-0.22017,642.5,,0.556,0.556,0.3,0
128.95,7.4039e+07,1.3775,7052.1,-1511.2,0,7.6416e+05,-0.22018,642.5,,0.557,0.557,0.3,0
128.95,7.4038e+07,1.3775,7052.1,-1511.2,0,7.6416e+05,-0.22019,642.5,,0.558,0.558,0.3,0
128.95,7.4037e+07,1.3775,7052.2,-1511.1,0,7.6415e+05,-0.22019,642.5,,0.559,0.559,0.3,0
128.95,7.4037e+07,1.3775,7052.1,-1511.1,0,7.6415e+05,-0.2202,642.5,,0.56,0.56,0.3,0
128.95,7.4036e+07,1.3775,7052.1,-1511.1,0,7.6415e+05,-0.22021,642.5,,0.561,0.561,0.3,0
128.95,7.4036e+07,1.3774,7052.1,-1511,0,7.6415e+05,-0.22021,642.5,,0.562,0.562,0.3,0
128.95,7.4036e+07,1.3774,7052.1,-1511,0,7.6415e+05,-0.22022,642.5,,0.563,0.563,0.3,0
128.95,7.4035e+07,1.3774,7052.1,-1511,0,7.6415e+05,-0.22022,642.5,,0.564,0.564,0.3,0
128.95,7.4035e+07,1.3774,7052.1,-1511,0,7.6415e+05,-0.22022,642.5,,0.565,0.565,0.3,0
128.95,7.4035e+07,1.3774,7052.1,-1510.9,0,7.6415e+05,-0.22022,642.5,,0.566,0.566,0.3,0
128.95,7.4035e+07,1.3774,7052.1,-1510.9,0,7.6415e+05,-0.22022,642.5,,0.567,0.567,0.3,0
128.95,7.4035e+07,1.3774,7052.1,-1510.9,0,7.6415e+05,-0.22022,642.5,,0.568,0.568,0.3,0
128.95,7.4035e+07,1.3774,7052.1,-1510.9,0,7.6415e+05,-0.22023,642.5,,0.569,0.569,0.3,0
128.95,7.4035e+07,1.3775,7052.2,-1511,0,7.6415e+05,-0.22022,642.5,,0.57,0.57,0.3,0
128.95,7.4036e+07,1.3775,7052.2,-1511,0,7.6415e+05,-0.22022,642.5,,0.571,0.571,0.3,0
128.95,7.4036e+07,1.3775,7052.3,-1511,0,7.6415e+05,-0.22021,642.5,,0.572,0.572,0.3,0
128.95,7.4037e+07,1.3775,7052.4,-1511.1,0,7.6415e+05,-0.22021,642.5,,0.573,0.573,0.3,0
128.95,7.4037e+07,1.3775,7052.4,-1511.1,0,7.6415e+05,-0.22021,642.5,,0.574,0.574,0.3,0
128.95,7.4038e+07,1.3776,7052.5,-1511.1,0,7.6415e+05,-0.2202,642.5,,0.575,0.575,0.3,0
128.95,7.4038e+07,1.3776,7052.5,-1511.1,0,7.6415e+05,-0.2202,642.5,,0.576,0.576,0.3,0
128.95,7.4039e+07,1.3776,7052.6,-1511.2,0,7.6415e+05,-0.22019,642.5,,0.577,0.577,0.3,0
128.95,7.4039e+07,1.3776,7052.6,-1511.2,0,7.6415e+05,-0.22019,642.5,,0.578,0.578,0.3,0
128.95,7.4039e+07,1.3776,7052.6,-1511.2,0,7.6416e+05,-0.22019,642.5,,0.579,0.579,0.3,0
128.95,7.404e+07,1.3776,7052.7,-1511.3,0,7.6416e+05,-0.22018,642.5,,0.58,0.58,0.3,0
128.95,7.404e+07,1.3777,7052.7,-1511.3,0,7.6416e+05,-0.22018,642.5,,0.581,0.581,0.3,0
128.96,7.4041e+07,1.3777,7052.8,-1511.3,0,7.6416e+05,-0.22018,642.5,,0.582,0.582,0.3,0
128.96,7.4041e+07,1.3777,7052.8,-1511.3,0,7.6416e+05,-0.22017,642.5,,0.583,0.583,0.3,0
128.96,7.4041e+07,1.3777,7052.8,-1511.3,0,7.6416e+05,-0.22017,642.5,,0.584,0.584,0.3,0
128.96,7.4041e+07,1.3777,7052.8,-1511.3,0,7.6416e+05,-0.22017,642.5,,0.585,0.585,0.3,0
128.96,7.4041e+07,1.3777,7052.8,-1511.3,0,7.6416e+05,-0.22017,642.5,,0.586,0.586,0.3,0
128.96,7.4041e+07,1.3777,7052.8,-1511.3,0,7.6416e+05,-0.22017,642.5,,0.587,0.587,0.3,0
128.96,7.4041e+07,1.3777,7052.8,-1511.3,0,7.6416e+05,-0.22017,642.5,,0.588,0.588,0.3,0
128.96,7.4041e+07,1.3777,7052.8,-1511.3,0,7.6416e+05,-0.22017,642.5,,0.589,0.589,0.3,0
128.96,7.4041e+07,1.3777,7052.8,-1511.3,0,7.6416e+05,-0.22017,642.5,,0.59,0.59,0.3,0
128.96,7.4041e+07,1.3777,7052.8,-1511.4,0,7.6416e+05,-0.22017,642.5,,0.591,0.591,0.3,0
128.96,7.4041e+07,1.3777,7052.9,-1511.4,0,7.6416e+05,-0.22017,642.5,,0.592,0.592,0.3,0
128.96,7.4041e+07,1.3777,7052.9,-1511.4,0,7.6416e+05,-0.22016,642.5,,0.593,0.593,0.3,0
128.96,7.4041e+07,1.3777,7052.9,-1511.4,0,7.6416e+05,-0.22017,642.5,,0.594,0.594,0.3,0
128.96,7.4041e+07,1.3777,7052.8,-1511.4,0,7.6416e+05,-0.22017,642.5,,0.595,0.595,0.3,0
128.96,7.4041e+07,1.3777,7052.8,-1511.3,0,7.6416e+05,-0.22017,642.5,,0.596,0.596,0.3,0
128.96,7.4041e+07,1.3777,7052.8,-1511.3,0,7.6416e+05,-0.22017,642.5,,0.597,0.597,0.3,0
128.95,7.404e+07,1.3777,7052.8,-1511.3,0,7.6416e+05,-0.22017,642.5,,0.598,0.598,0.3,0
128.95,7.404e+07,1.3777,7052.7,-1511.3,0,7.6416e+05,-0.22018,642.5,,0.599,0.599,0.3,0
128.95,7.404e+07,1.3776,7052.7,-1511.3,0,7.6416e+05,-0.22018,642.5,,0.6,0.6,0.3,0
128.95,7.404e+07,1.3776,7052.7,-1511.3,0,7.6416e+05,-0.22018,642.5,,0.601,0.601,0.3,0
128.95,7.404e+07,1.3776,7052.7,-1511.3,0,7.6416e+05,-0.22018,642.5,,0.602,0.602,0.3,0
128.95,7.404e+07,1.3776,7052.7,-1511.3,0,7.6416e+05,-0.22018,642.5,,0.603,0.603,0.3,0
128.95,7.404e+07,1.3776,7052.7,-1511.3,0,7.6416e+05,-0.22018,642.5,,0.604,0.604,0.3,0
128.95,7.404e+07,1.3776,7052.7,-1511.3,0,7.6416e+05,-0.22018,642.5,,0.605,0.605,0.3,0
128.95,7.404e+07,1.3776,7052.7,-1511.3,0,7.6416e+05,-0.22018,642.5,,0.606,0.606,0.3,0
128.95,7.4039e+07,1.3776,7052.7,-1511.2,0,7.6416e+05,-0.22018,642.5,,0.607,0.607,0.3,0
128.95,7.4039e+07,1.3776,7052.7,-1511.2,0,7.6416e+05,-0.22018,642.5,,0.608,0.608,0.3,0
128.95,7.4039e+07,1.3776,7052.6,-1511.2,0,7.6416e+05,-0.22019,642.5,,0.609,0.609,0.3,0
128.95,7.4039e+07,1.3776,7052.6,-1511.2,0,7.6416e+05,-0.22019,642.5,,0.61,0.61,0.3,0
128.95,7.4039e+07,1.3776,7052.6,-1511.2,0,7.6415e+05,-0.22019,642.5,,0.611,0.611,0.3,0
128.95,7.4039e+07,1.3776,7052.6,-1511.2,0,7.6415e+05,-0.22019,642.5,,0.612,0.612,0.3,0
128.95,7.4039e+07,1.3776,7052.6,-1511.2,0,7.6415e+05,-0.22019,642.5,,0.613,0.613,0.3,0
128.95,7.4039e+07,1.3776,7052.6,-1511.2,0,7.6415e+05,-0.22019,642.5,,0.614,0.614,0.3,0
128.95,7.4039e+07,1.3776,7052.6,-1511.2,0,7.6415e+05,-0.22019,642.5,,0.615,0.615,0.3,0
128.95,7.4039e+07,1.3776,7052.6,-1511.2,0,7.6415e+05,-0.22019,642.5,,0.616,0.616,0.3,0
128.95,7.4039e+07,1.3776,7052.6,-1511.2,0,7.6415e+05,-0.22019,642.5,,0.617,0.617,0.3,0
128.95,7.4039e+07,1.3776,7052.6,-1511.2,0,7.6415e+05,-0.22019,642.5,,0.618,0.618,0.3,0
128.95,7.4039e+07,1.3776,7052.6,-1511.2,0,7.6415e+05,-0.22019,642.5,,0.619,0.619,0.3,0
128.95,7.4039e+07,1.3776,7052.6,-1511.2,0,7.6415e+05,-0.22019,642.5,,0.62,0.62,0.3,0
128.95,7.4039e+07,1.3776,7052.6,-1511.2,0,7.6415e+05,-0.22019,642.5,,0.621,0.621,0.3,0
128.95,7.4039e+07,1.3776,7052.6,-1511.2,0,7.6415e+05,-0.22019,642.5,,0.622,0.622,0.3,0
128.95,7.4038e+07,1.3776,7052.6,-1511.2,0,7.6415e+05,-0.2202,642.5,,0.623,0.623,0.3,0
128.95,7.4038e+07,1.3776,7052.6,-1511.2,0,7.6415e+05,-0.2202,642.5,,0.624,0.624,0.3,0
128.95,7.4038e+07,1.3776,7052.6,-1511.2,0,7.6415e+05,-0.2202,642.5,,0.625,0.625,0.3,0
128.95,7.4038e+07,1.3776,7052.6,-1511.2,0,7.6415e+05,-0.2202,642.5,,0.626,0.626,0.3,0
128.95,7.4038e+07,1.3776,7052.6,-1511.2,0,7.6415e+05,-0.2202,642.5,,0.627,0.627,0.3,0
128.95,7.4038e+07,1.3776,7052.6,-1511.2,0,7.6415e+05,-0.2202,642.5,,0.628,0.628,0.3,0
128.95,7.4038e+07,1.3776,7052.6,-1511.2,0,7.6415e+05,-0.2202,642.5,,0.629,0.629,0.3,0
128.95,7.4038e+07,1.3776,7052.6,-1511.2,0,7.6415e+05,-0.2202,642.5,,0.63,0.63,0.3,0
128.95,7.4038e+07,1.3776,7052.6,-1511.2,0,7.6415e+05,-0.2202,642.5,,0.631,0.631,0.3,0
128.95,7.4038e+07,1.3776,7052.6,-1511.2,0,7.6415e+05,-0.2202,642.5,,0.632,0.632,0.3,0
128.95,7.4038e+07,1.3776,7052.6,-1511.2,0,7.6415e+05,-0.2202,642.5,,0.633,0.633,0.3,0
128.95,7.4038e+07,1.3776,7052.6,-1511.2,0,7.6415e+05,-0.2202,642.5,,0.634,0.634,0.3,0
128.95,7.4038e+07,1.3776,7052.6,-1511.2,0,7.6415e+05,-0.2202,642.5,,0.635,0.635,0.3,0
128.95,7.4038e+07,1.3776,7052.6,-1511.2,0,7.6415e+05,-0.2202,642.5,,0.636,0.636,0.3,0
128.95,7.4038e+07,1.3776,7052.6,-1511.2,0,7.6415e+05,-0.22021,642.5,,0.637,0.637,0.3,0
128.95,7.4038e+07,1.3776,7052.6,-1511.2,0,7.6415e+05,-0.22021,642.5,,0.638,0.638,0.3,0
128.95,7.4037e+07,1.3776,7052.6,-1511.2,0,7.6415e+05,-0.22021,642.5,,0.639,0.639,0.3,0
128.95,7.4037e+07,1.3776,7052.6,-1511.2,0,7.6415e+05,-0.22021,642.5,,0.64,0.64,0.3,0
128.95,7.4037e+07,1.3776,7052.6,-1511.2,0,7.6415e+05,-0.22021,642.5,,0.641,0.641,0.3,0
128.95,7.4037e+07,1.3776,7052.6,-1511.2,0,7.6415e+05,-0.22021,642.5,,0.642,0.642,0.3,0
128.95,7.4037e+07,1.3776,7052.6,-1511.2,0,7.6415e+05,-0.22021,642.5,,0.643,0.643,0.3,0
128.95,7.4037e+07,1.3776,7052.6,-1511.2,0,7.6415e+05,-0.22021,642.5,,0.644,0.644,0.3,0
128.95,7.4037e+07,1.3776,7052.6,-1511.2,0,7.6415e+05,-0.22021,642.5,,0.645,0.645,0.3,0
128.95,7.4037e+07,1.3776,7052.6,-1511.2,0,7.6415e+05,-0.22021,642.5,,0.646,0.646,0.3,0
128.95,7.4037e+07,1.3776,7052.5,-1511.2,0,7.6415e+05,-0.22021,642.5,,0.647,0.647,0.3,0
128.95,7.4037e+07,1.3776,7052.5,-1511.2,0,7.6415e+05,-0.22021,642.5,,0.648,0.648,0.3,0
128.95,7.4037e+07,1.3776,7052.5,-1511.2,0,7.6415e+05,-0.22021,642.5,,0.649,0.649,0.3,0
128.95,7.4037e+07,1.3776,7052.5,-1511.2,0,7.6415e+05,-0.22021,642.5,,0.65,0.65,0.3,0
128.95,7.4037e+07,1.3776,7052.5,-1511.2,0,7.6415e+05,-0.22021,642.5,,0.651,0.651,0.3,0
128.95,7.4037e+07,1.3776,7052.5,-1511.2,0,7.6415e+05,-0.22022,642.5,,0.652,0.652,0.3,0
128.95,7.4037e+07,1.3776,7052.5,-1511.2,0,7.6415e+05,-0.22022,642.5,,0.653,0.653,0.3,0
128.95,7.4037e+07,1.3776,7052.5,-1511.2,0,7.6415e+05,-0.22022,642.5,,0.654,0.654,0.3,0
128.95,7.4037e+07,1.3776,7052.5,-1511.2,0,7.6415e+05,-0.22022,642.5,,0.655,0.655,0.3,0
128.95,7.4037e+07,1.3776,7052.5,-1511.2,0,7.6415e+05,-0.22022,642.5,,0.656,0.656,0.3,0
128.95,7.4037e+07,1.3776,7052.5,-1511.2,0,7.6415e+05,-0.22022,642.5,,0.657,0.657,0.3,0
128.95,7.4037e+07,1.3776,7052.5,-1511.2,0,7.6415e+05,-0.22022,642.5,,0.658,0.658,0.3,0
128.95,7.4037e+07,1.3776,7052.5,-1511.2,0,7.6415e+05,-0.22022,642.5,,0.659,0.659,0.3,0
128.95,7.4037e+07,1.3776,7052.5,-1511.2,0,7.6415e+05,-0.22022,642.5,,0.66,0.66,0.3,0
128.95,7.4037e+07,1.3776,7052.5,-1511.2,0,7.6415e+05,-0.22022,642.5,,0.661,0.661,0.3,0
128.95,7.4037e+07,1.3776,7052.5,-1511.2,0,7.6415e+05,-0.22022,642.5,,0.662,0.662,0.3,0
128.95,7.4037e+07,1.3776,7052.5,-1511.2,0,7.6415e+05,-0.22022,642.5,,0.663,0.663,0.3,0
128.95,7.4037e+07,1.3776,7052.5,-1511.2,0,7.6415e+05,-0.22022,642.5,,0.664,0.664,0.3,0
128.95,7.4037e+07,1.3776,7052.5,-1511.2,0,7.6415e+05,-0.22022,642.5,,0.665,0.665,0.3,0
128.95,7.4036e+07,1.3776,7052.5,-1511.2,0,7.6415e+05,-0.22022,642.5,,0.666,0.666,0.3,0
128.95,7.4036e+07,1.3776,7052.5,-1511.2,0,7.6415e+05,-0.22022,642.5,,0.667,0.667,0.3,0
128.95,7.4037e+07,1.3776,7052.5,-1511.2,0,7.6415e+05,-0.22022,642.5,,0.668,0.668,0.3,0
128.95,7.4037e+07,1.3776,7052.5,-1511.2,0,7.6415e+05,-0.22022,642.5,,0.669,0.669,0.3,0
128.95,7.4037e+07,1.3776,7052.5,-1511.2,0,7.6415e+05,-0.22022,642.5,,0.67,0.67,0.3,0
128.95,7.4037e+07,1.3776,7052.5,-1511.2,0,7.6415e+05,-0.22022,642.5,,0.671,0.671,0.3,0
128.95,7.4037e+07,1.3776,7052.5,-1511.2,0,7.6415e+05,-0.22022,642.5,,0.672,0.672,0.3,0
128.95,7.4037e+07,1.3776,7052.5,-1511.2,0,7.6415e+05,-0.22022,642.5,,0.673,0.673,0.3,0
128.95,7.4037e+07,1.3776,7052.5,-1511.2,0,7.6415e+05,-0.22022,642.5,,0.674,0.674,0.3,0
128.95,7.4037e+07,1.3776,7052.6,-1511.2,0,7.6415e+05,-0.22022,642.5,,0.675,0.675,0.3,0
128.95,7.4037e+07,1.3776,7052.6,-1511.2,0,7.6415e+05,-0.22021,642.5,,0.676,0.676,0.3,0
128.95,7.4037e+07,1.3776,7052.6,-1511.2,0,7.6415e+05,-0.22021,642.5,,0.677,0.677,0.3,0
128.95,7.4037e+07,1.3776,7052.6,-1511.2,0,7.6415e+05,-0.22021,642.5,,0.678,0.678,0.3,0
128.95,7.4037e+07,1.3776,7052.6,-1511.2,0,7.6415e+05,-0.22021,642.5,,0.679,0.679,0.3,0
128.95,7.4037e+07,1.3776,7052.6,-1511.2,0,7.6415e+05,-0.22021,642.5,,0.68,0.68,0.3,0
128.95,7.4037e+07,1.3776,7052.6,-1511.2,0,7.6415e+05,-0.22021,642.5,,0.681,0.681,0.3,0
128.95,7.4037e+07,1.3776,7052.6,-1511.2,0,7.6415e+05,-0.22021,642.5,,0.682,0.682,0.3,0
128.95,7.4037e+07,1.3776,7052.6,-1511.2,0,7.6415e+05,-0.22021,642.5,,0.683,0.683,0.3,0
128.95,7.4037e+07,1.3776,7052.6,-1511.2,0,7.6415e+05,-0.22021,642.5,,0.684,0.684,0.3,0
128.95,7.4037e+07,1.3776,7052.6,-1511.2,0,7.6415e+05,-0.22021,642.5,,0.685,0.685,0.3,0
128.95,7.4037e+07,1.3776,7052.6,-1511.2,0,7.6415e+05,-0.22021,642.5,,0.686,0.686,0.3,0
128.95,7.4037e+07,1.3776,7052.6,-1511.2,0,7.6415e+05,-0.22022,642.5,,0.687,0.687,0.3,0
128.95,7.4037e+07,1.3776,7052.6,-1511.2,0,7.6415e+05,-0.22022,642.5,,0.688,0.688,0.3,0
128.95,7.4037e+07,1.3776,7052.6,-1511.2,0,7.6415e+05,-0.22022,642.5,,0.689,0.689,0.3,0
128.95,7.4036e+07,1.3776,7052.6,-1511.2,0,7.6415e+05,-0.22022,642.5,,0.69,0.69,0.3,0
128.95,7.4036e+07,1.3776,7052.6,-1511.2,0,7.6415e+05,-0.22022,642.5,,0.691,0.691,0.3,0
128.95,7.4036e+07,1.3776,7052.6,-1511.2,0,7.6415e+05,-0.22022,642.5,,0.692,0.692,0.3,0
128.95,7.4036e+07,1.3776,7052.6,-1511.2,0,7.6415e+05,-0.22022,642.5,,0.693,0.693,0.3,0
128.95,7.4036e+07,1.3776,7052.6,-1511.2,0,7.6415e+05,-0.22022,642.5,,0.694,0.694,0.3,0
128.95,7.4036e+07,1.3776,7052.6,-1511.2,0,7.6415e+05,-0.22022,642.5,,0.695,0.695,0.3,0
128.95,7.4036e+07,1.3776,7052.6,-1511.2,0,7.6415e+05,-0.22022,642.5,,0.696,0.696,0.3,0
128.95,7.4036e+07,1.3776,7052.6,-1511.2,0,7.6415e+05,-0.22022,642.5,,0.697,0.697,0.3,0
128.95,7.4036e+07,1.3776,7052.6,-1511.2,0,7.6415e+05,-0.22022,642.5,,0.698,0.698,0.3,0
128.95,7.4036e+07,1.3776,7052.6,-1511.2,0,7.6415e+05,-0.22022,642.5,,0.699,0.699,0.3,0
128.95,7.4036e+07,1.3776,7052.6,-1511.2,0,7.6415e+05,-0.22023,642.5,,0.7,0.7,0.3,0
128.95,7.4036e+07,1.3776,7052.6,-1511.2,0,7.6415e+05,-0.22023,642.5,,0.701,0.701,0.3,0
128.95,7.4036e+07,1.3776,7052.6,-1511.2,0,7.6415e+05,-0.22023,642.5,,0.702,0.702,0.3,0
128.95,7.4036e+07,1.3776,7052.6,-1511.2,0,7.6414e+05,-0.22023,642.5,,0.703,0.703,0.3,0
128.95,7.4035e+07,1.3776,7052.6,-1511.2,0,7.6414e+05,-0.22023,642.5,,0.704,0.704,0.3,0
128.95,7.4035e+07,1.3775,7052.6,-1511.2,0,7.6414e+05,-0.22023,642.5,,0.705,0.705,0.3,0
128.95,7.4035e+07,1.3775,7052.5,-1511.2,0,7.6414e+05,-0.22023,642.5,,0.706,0.706,0.3,0
128.95,7.4035e+07,1.3775,7052.5,-1511.2,0,7.6414e+05,-0.22024,642.5,,0.707,0.707,0.3,0
128.94,7.4035e+07,1.3775,7052.5,-1511.2,0,7.6414e+05,-0.22024,642.5,,0.708,0.708,0.3,0
128.94,7.4034e+07,1.3775,7052.5,-1511.2,0,7.6414e+05,-0.22024,642.5,,0.709,0.709,0.3,0
128.94,7.4034e+07,1.3775,7052.5,-1511.2,0,7.6414e+05,-0.22024,642.5,,0.71,0.71,0.3,0
128.94,7.4034e+07,1.3775,7052.5,-1511.1,0,7.6414e+05,-0.22024,642.5,,0.711,0.711,0.3,0
128.94,7.4034e+07,1.3775,7052.5,-1511.1,0,7.6414e+05,-0.22025,642.5,,0.712,0.712,0.3,0
128.94,7.4034e+07,1.3775,7052.5,-1511.1,0,7.6414e+05,-0.22025,642.5,,0.713,0.713,0.3,0
128.94,7.4033e+07,1.3775,7052.5,-1511.1,0,7.6414e+05,-0.22025,642.5,,0.714,0.714,0.3,0
128.94,7.4033e+07,1.3775,7052.5,-1511.1,0,7.6414e+05,-0.22025,642.5,,0.715,0.715,0.3,0
128.94,7.4033e+07,1.3775,7052.5,-1511.1,0,7.6414e+05,-0.22025,642.5,,0.716,0.716,0.3,0
128.94,7.4033e+07,1.3775,7052.5,-1511.1,0,7.6414e+05,-0.22026,642.5,,0.717,0.717,0.3,0
128.94,7.4033e+07,1.3775,7052.5,-1511.1,0,7.6414e+05,-0.22026,642.5,,0.718,0.718,0.3,0
128.94,7.4033e+07,1.3775,7052.5,-1511.1,0,7.6414e+05,-0.22026,642.5,,0.719,0.719,0.3,0
128.94,7.4033e+07,1.3775,7052.5,-1511.1,0,7.6414e+05,-0.22026,642.5,,0.72,0.72,0.3,0
128.94,7.4032e+07,1.3775,7052.5,-1511.1,0,7.6414e+05,-0.22026,642.5,,0.721,0.721,0.3,0
128.94,7.4032e+07,1.3775,7052.5,-1511.1,0,7.6414e+05,-0.22027,642.5,,0.722,0.722,0.3,0
128.94,7.4032e+07,1.3775,7052.5,-1511.1,0,7.6413e+05,-0.22027,642.5,,0.723,0.723,0.3,0
128.94,7.4032e+07,1.3775,7052.5,-1511,0,7.6413e+05,-0.22027,642.5,,0.724,0.724,0.3,0
128.94,7.4032e+07,1.3775,7052.4,-1511,0,7.6413e+05,-0.22027,642.5,,0.725,0.725,0.3,0
128.94,7.4031e+07,1.3775,7052.4,-1511,0,7.6413e+05,-0.22027,642.5,,0.726,0.726,0.3,0
128.94,7.4031e+07,1.3775,7052.4,-1511,0,7.6413e+05,-0.22028,642.5,,0.727,0.727,0.3,0
128.94,7.4031e+07,1.3775,7052.4,-1511,0,7.6413e+05,-0.22028,642.5,,0.728,0.728,0.3,0
128.94,7.4031e+07,1.3774,7052.4,-1511,0,7.6413e+05,-0.22028,642.5,,0.729,0.729,0.3,0
128.94,7.4031e+07,1.3774,7052.4,-1511,0,7.6413e+05,-0.22028,642.5,,0.73,0.73,0.3,0
128.94,7.403e+07,1.3774,7052.4,-1511,0,7.6413e+05,-0.22029,642.5,,0.731,0.731,0.3,0
128.94,7.403e+07,1.3774,7052.4,-1510.9,0,7.6413e+05,-0.22029,642.5,,0.732,0.732,0.3,0
128.94,7.403e+07,1.3774,7052.4,-1510.9,0,7.6413e+05,-0.22029,642.5,,0.733,0.733,0.3,0
128.94,7.403e+07,1.3774,7052.4,-1510.9,0,7.6413e+05,-0.22029,642.5,,0.734,0.734,0.3,0
128.94,7.403e+07,1.3774,7052.4,-1510.9,0,7.6413e+05,-0.2203,642.5,,0.735,0.735,0.3,0
128.94,7.4029e+07,1.3774,7052.4,-1510.9,0,7.6413e+05,-0.2203,642.5,,0.736,0.736,0.3,0
128.94,7.4029e+07,1.3774,7052.4,-1510.9,0,7.6413e+05,-0.2203,642.5,,0.737,0.737,0.3,0
128.93,7.4029e+07,1.3774,7052.3,-1510.9,0,7.6413e+05,-0.2203,642.5,,0.738,0.738,0.3,0
128.93,7.4029e+07,1.3774,7052.3,-1510.9,0,7.6413e+05,-0.2203,642.49,,0.739,0.739,0.3,0
128.93,7.4029e+07,1.3774,7052.3,-1510.8,0,7.6413e+05,-0.22031,642.49,,0.74,0.74,0.3,0
128.93,7.4028e+07,1.3774,7052.3,-1510.8,0,7.6412e+05,-0.22031,642.49,,0.741,0.741,0.3,0
128.93,7.4028e+07,1.3774,7052.3,-1510.8,0,7.6412e+05,-0.22031,642.49,,0.742,0.742,0.3,0
128.93,7.4028e+07,1.3774,7052.3,-1510.8,0,7.6412e+05,-0.22031,642.49,,0.743,0.743,0.3,0
128.93,7.4028e+07,1.3774,7052.3,-1510.8,0,7.6412e+05,-0.22031,642.49,,0.744,0.744,0.3,0
128.93,7.4028e+07,1.3774,7052.3,-1510.8,0,7.6412e+05,-0.22031,642.49,,0.745,0.745,0.3,0
128.93,7.4028e+07,1.3774,7052.3,-1510.8,0,7.6412e+05,-0.22031,642.49,,0.746,0.746,0.3,0
128.93,7.4028e+07,1.3774,7052.3,-1510.8,0,7.6412e+05,-0.22031,642.49,,0.747,0.747,0.3,0
128.93,7.4028e+07,1.3774,7052.3,-1510.8,0,7.6412e+05,-0.22032,642.49,,0.748,0.748,0.3,0
128.93,7.4028e+07,1.3774,7052.3,-1510.8,0,7.6412e+05,-0.22032,642.49,,0.749,0.749,0.3,0
128.93,7.4028e+07,1.3774,7052.3,-1510.8,0,7.6412e+05,-0.22032,642.49,,0.75,0.75,0.3,0
128.93,7.4027e+07,1.3774,7052.3,-1510.7,0,7.6412e+05,-0.22032,642.49,,0.751,0.751,0.3,0
128.93,7.4027e+07,1.3774,7052.3,-1510.7,0,7.6412e+05,-0.22032,642.49,,0.752,0.752,0.3,0
128.93,7.4027e+07,1.3774,7052.3,-1510.7,0,7.6412e+05,-0.22032,642.49,,0.753,0.753,0.3,0
128.93,7.4027e+07,1.3774,7052.2,-1510.7,0,7.6412e+05,-0.22032,642.49,,0.754,0.754,0.3,0
128.93,7.4027e+07,1.3774,7052.2,-1510.7,0,7.6412e+05,-0.22032,642.49,,0.755,0.755,0.3,0
128.93,7.4027e+07,1.3773,7052.2,-1510.7,0,7.6412e+05,-0.22033,642.49,,0.756,0.756,0.3,0
128.93,7.4027e+07,1.3773,7052.2,-1510.7,0,7.6412e+05,-0.22033,642.49,,0.757,0.757,0.3,0
128.93,7.4027e+07,1.3773,7052.2,-1510.7,0,7.6412e+05,-0.22033,642.49,,0.758,0.758,0.3,0
128.93,7.4027e+07,1.3773,7052.2,-1510.7,0,7.6412e+05,-0.22033,642.49,,0.759,0.759,0.3,0
128.93,7.4027e+07,1.3773,7052.2,-1510.7,0,7.6412e+05,-0.22033,642.49,,0.76,0.76,0.3,0
128.93,7.4027e+07,1.3773,7052.2,-1510.7,0,7.6412e+05,-0.22032,642.49,,0.761,0.761,0.3,0
128.93,7.4027e+07,1.3774,7052.2,-1510.7,0,7.6412e+05,-0.22032,642.49,,0.762,0.762,0.3,0
128.93,7.4027e+07,1.3774,7052.2,-1510.7,0,7.6412e+05,-0.22032,642.49,,0.763,0.763,0.3,0
128.93,7.4027e+07,1.3774,7052.2,-1510.7,0,7.6412e+05,-0.22032,642.49,,0.764,0.764,0.3,0
128.93,7.4027e+07,1.3774,7052.2,-1510.7,0,7.6412e+05,-0.22032,642.49,,0.765,0.765,0.3,0
128.93,7.4027e+07,1.3774,7052.2,-1510.7,0,7.6412e+05,-0.22032,642.49,,0.766,0.766,0.3,0
128.93,7.4027e+07,1.3774,7052.2,-1510.7,0,7.6412e+05,-0.22032,642.49,,0.767,0.767,0.3,0
128.93,7.4027e+07,1.3774,7052.2,-1510.7,0,7.6412e+05,-0.22032,642.49,,0.768,0.768,0.3,0
128.93,7.4027e+07,1.3774,7052.2,-1510.7,0,7.6412e+05,-0.22032,642.49,,0.769,0.769,0.3,0
128.93,7.4027e+07,1.3774,7052.2,-1510.7,0,7.6412e+05,-0.22032,642.49,,0.77,0.77,0.3,0
128.93,7.4027e+07,1.3774,7052.2,-1510.7,0,7.6412e+05,-0.22032,642.49,,0.771,0.771,0.3,0
128.93,7.4027e+07,1.3774,7052.2,-1510.7,0,7.6412e+05,-0.22032,642.49,,0.772,0.772,0.3,0
128.93,7.4028e+07,1.3774,7052.2,-1510.7,0,7.6412e+05,-0.22032,642.49,,0.773,0.773,0.3,0
128.93,7.4028e+07,1.3774,7052.2,-1510.7,0,7.6412e+05,-0.22032,642.49,,0.774,0.774,0.3,0
128.93,7.4028e+07,1.3774,7052.2,-1510.7,0,7.6412e+05,-0.22032,642.49,,0.775,0.775,0.3,0
128.93,7.4028e+07,1.3774,7052.2,-1510.7,0,7.6412e+05,-0.22032,642.49,,0.776,0.776,0.3,0
128.93,7.4028e+07,1.3774,7052.2,-1510.7,0,7.6412e+05,-0.22032,642.49,,0.777,0.777,0.3,0
128.93,7.4028e+07,1.3774,7052.2,-1510.7,0,7.6412e+05,-0.22032,642.49,,0.778,0.778,0.3,0
128.93,7.4028e+07,1.3774,7052.2,-1510.7,0,7.6412e+05,-0.22031,642.49,,0.779,0.779,0.3,0
128.93,7.4028e+07,1.3774,7052.2,-1510.7,0,7.6412e+05,-0.22031,642.49,,0.78,0.78,0.3,0
128.93,7.4028e+07,1.3774,7052.3,-1510.8,0,7.6412e+05,-0.22031,642.49,,0.781,0.781,0.3,0
128.93,7.4028e+07,1.3774,7052.3,-1510.8,0,7.6412e+05,-0.22031,642.49,,0.782,0.782,0.3,0
128.93,7.4029e+07,1.3774,7052.3,-1510.8,0,7.6412e+05,-0.22031,642.49,,0.783,0.783,0.3,0
128.93,7.4029e+07,1.3774,7052.3,-1510.8,0,7.6413e+05,-0.22031,642.49,,0.784,0.784,0.3,0
128.94,7.4029e+07,1.3774,7052.3,-1510.8,0,7.6413e+05,-0.2203,642.49,,0.785,0.785,0.3,0
128.94,7.4029e+07,1.3774,7052.3,-1510.8,0,7.6413e+05,-0.2203,642.49,,0.786,0.786,0.3,0
128.94,7.4029e+07,1.3774,7052.3,-1510.8,0,7.6413e+05,-0.2203,642.49,,0.787,0.787,0.3,0
128.94,7.4029e+07,1.3774,7052.3,-1510.8,0,7.6413e+05,-0.2203,642.49,,0.788,0.788,0.3,0
128.94,7.403e+07,1.3774,7052.3,-1510.8,0,7.6413e+05,-0.2203,642.49,,0.789,0.789,0.3,0
128.94,7.403e+07,1.3774,7052.3,-1510.8,0,7.6413e+05,-0.2203,642.49,,0.79,0.79,0.3,0
128.94,7.403e+07,1.3774,7052.3,-1510.8,0,7.6413e+05,-0.22029,642.49,,0.791,0.791,0.3,0
128.94,7.403e+07,1.3774,7052.3,-1510.8,0,7.6413e+05,-0.22029,642.5,,0.792,0.792,0.3,0
128.94,7.403e+07,1.3774,7052.3,-1510.9,0,7.6413e+05,-0.22029,642.5,,0.793,0.793,0.3,0
128.94,7.403e+07,1.3774,7052.3,-1510.9,0,7.6413e+05,-0.22029,642.5,,0.794,0.794,0.3,0
128.94,7.403e+07,1.3774,7052.3,-1510.9,0,7.6413e+05,-0.22029,642.5,,0.795,0.795,0.3,0
128.94,7.403e+07,1.3774,7052.3,-1510.9,0,7.6413e+05,-0.22029,642.5,,0.796,0.796,0.3,0
128.94,7.4031e+07,1.3774,7052.3,-1510.9,0,7.6413e+05,-0.22029,642.5,,0.797,0.797,0.3,0
128.94,7.4031e+07,1.3774,7052.4,-1510.9,0,7.6413e+05,-0.22028,642.5,,0.798,0.798,0.3,0
128.94,7.4031e+07,1.3774,7052.4,-1510.9,0,7.6413e+05,-0.22028,642.5,,0.799,0.799,0.3,0
128.94,7.4031e+07,1.3774,7052.4,-1510.9,0,7.6413e+05,-0.22028,642.5,,0.8,0.8,0.3,0
128.94,7.4031e+07,1.3775,7052.4,-1510.9,0,7.6413e+05,-0.22028,642.5,,0.801,0.801,0.3,0
128.94,7.4032e+07,1.3775,7052.4,-1510.9,0,7.6413e+05,-0.22028,642.5,,0.802,0.802,0.3,0
128.94,7.4032e+07,1.3775,7052.4,-1510.9,0,7.6413e+05,-0.22027,642.5,,0.803,0.803,0.3,0
128.94,7.4032e+07,1.3775,7052.4,-1511,0,7.6413e+05,-0.22027,642.5,,0.804,0.804,0.3,0
128.94,7.4032e+07,1.3775,7052.4,-1511,0,7.6413e+05,-0.22027,642.5,,0.805,0.805,0.3,0
128.94,7.4032e+07,1.3775,7052.4,-1511,0,7.6413e+05,-0.22027,642.5,,0.806,0.806,0.3,0
128.94,7.4032e+07,1.3775,7052.4,-1511,0,7.6414e+05,-0.22027,642.5,,0.807,0.807,0.3,0
128.94,7.4033e+07,1.3775,7052.4,-1511,0,7.6414e+05,-0.22026,642.5,,0.808,0.808,0.3,0
128.94,7.4033e+07,1.3775,7052.4,-1511,0,7.6414e+05,-0.22026,642.5,,0.809,0.809,0.3,0
128.94,7.4033e+07,1.3775,7052.5,-1511,0,7.6414e+05,-0.22026,642.5,,0.81,0.81,0.3,0
128.94,7.4033e+07,1.3775,7052.5,-1511,0,7.6414e+05,-0.22026,642.5,,0.811,0.811,0.3,0
128.94,7.4033e+07,1.3775,7052.5,-1511.1,0,7.6414e+05,-0.22026,642.5,,0.812,0.812,0.3,0
128.94,7.4034e+07,1.3775,7052.5,-1511.1,0,7.6414e+05,-0.22025,642.5,,0.813,0.813,0.3,0
128.94,7.4034e+07,1.3775,7052.5,-1511.1,0,7.6414e+05,-0.22025,642.5,,0.814,0.814,0.3,0
128.94,7.4034e+07,1.3775,7052.5,-1511.1,0,7.6414e+05,-0.22025,642.5,,0.815,0.815,0.3,0
128.94,7.4034e+07,1.3775,7052.5,-1511.1,0,7.6414e+05,-0.22025,642.5,,0.816,0.816,0.3,0
128.94,7.4034e+07,1.3775,7052.5,-1511.1,0,7.6414e+05,-0.22025,642.5,,0.817,0.817,0.3,0
128.94,7.4034e+07,1.3775,7052.5,-1511.1,0,7.6414e+05,-0.22025,642.5,,0.818,0.818,0.3,0
128.94,7.4034e+07,1.3775,7052.5,-1511.1,0,7.6414e+05,-0.22024,642.5,,0.819,0.819,0.3,0
128.94,7.4035e+07,1.3775,7052.5,-1511.1,0,7.6414e+05,-0.22024,642.5,,0.82,0.82,0.3,0
128.94,7.4035e+07,1.3775,7052.6,-1511.1,0,7.6414e+05,-0.22024,642.5,,0.821,0.821,0.3,0
128.95,7.4035e+07,1.3775,7052.6,-1511.2,0,7.6414e+05,-0.22024,642.5,,0.822,0.822,0.3,0
128.95,7.4035e+07,1.3776,7052.6,-1511.2,0,7.6414e+05,-0.22024,642.5,,0.823,0.823,0.3,0
128.95,7.4035e+07,1.3776,7052.6,-1511.2,0,7.6414e+05,-0.22024,642.5,,0.824,0.824,0.3,0
128.95,7.4035e+07,1.3776,7052.6,-1511.2,0,7.6414e+05,-0.22024,642.5,,0.825,0.825,0.3,0
128.95,7.4035e+07,1.3776,7052.6,-1511.2,0,7.6414e+05,-0.22023,642.5,,0.826,0.826,0.3,0
128.95,7.4036e+07,1.3776,7052.6,-1511.2,0,7.6414e+05,-0.22023,642.5,,0.827,0.827,0.3,0
128.95,7.4036e+07,1.3776,7052.6,-1511.2,0,7.6414e+05,-0.22023,642.5,,0.828,0.828,0.3,0
128.95,7.4036e+07,1.3776,7052.6,-1511.2,0,7.6414e+05,-0.22023,642.5,,0.829,0.829,0.3,0
128.95,7.4036e+07,1.3776,7052.6,-1511.2,0,7.6414e+05,-0.22023,642.5,,0.83,0.83,0.3,0
128.95,7.4036e+07,1.3776,7052.6,-1511.2,0,7.6415e+05,-0.22023,642.5,,0.831,0.831,0.3,0
128.95,7.4036e+07,1.3776,7052.6,-1511.2,0,7.6415e+05,-0.22023,642.5,,0.832,0.832,0.3,0
128.95,7.4036e+07,1.3776,7052.7,-1511.2,0,7.6415e+05,-0.22022,642.5,,0.833,0.833,0.3,0
128.95,7.4036e+07,1.3776,7052.7,-1511.3,0,7.6415e+05,-0.22022,642.5,,0.834,0.834,0.3,0
128.95,7.4036e+07,1.3776,7052.7,-1511.3,0,7.6415e+05,-0.22022,642.5,,0.835,0.835,0.3,0
128.95,7.4036e+07,1.3776,7052.7,-1511.3,0,7.6415e+05,-0.22022,642.5,,0.836,0.836,0.3,0
128.95,7.4037e+07,1.3776,7052.7,-1511.3,0,7.6415e+05,-0.22022,642.5,,0.837,0.837,0.3,0
128.95,7.4037e+07,1.3776,7052.7,-1511.3,0,7.6415e+05,-0.22022,642.5,,0.838,0.838,0.3,0
128.95,7.4037e+07,1.3776,7052.7,-1511.3,0,7.6415e+05,-0.22022,642.5,,0.839,0.839,0.3,0
128.95,7.4037e+07,1.3776,7052.7,-1511.3,0,7.6415e+05,-0.22022,642.5,,0.84,0.84,0.3,0
128.95,7.4037e+07,1.3776,7052.7,-1511.3,0,7.6415e+05,-0.22022,642.5,,0.841,0.841,0.3,0
128.95,7.4037e+07,1.3776,7052.7,-1511.3,0,7.6415e+05,-0.22022,642.5,,0.842,0.842,0.3,0
128.95,7.4037e+07,1.3776,7052.7,-1511.3,0,7.6415e+05,-0.22022,642.5,,0.843,0.843,0.3,0
128.95,7.4037e+07,1.3776,7052.7,-1511.3,0,7.6415e+05,-0.22021,642.5,,0.844,0.844,0.3,0
128.95,7.4037e+07,1.3776,7052.7,-1511.3,0,7.6415e+05,-0.22021,642.5,,0.845,0.845,0.3,0
128.95,7.4037e+07,1.3776,7052.7,-1511.3,0,7.6415e+05,-0.22021,642.5,,0.846,0.846,0.3,0
128.95,7.4037e+07,1.3776,7052.7,-1511.3,0,7.6415e+05,-0.22021,642.5,,0.847,0.847,0.3,0
128.95,7.4037e+07,1.3776,7052.7,-1511.3,0,7.6415e+05,-0.22021,642.5,,0.848,0.848,0.3,0
128.95,7.4037e+07,1.3776,7052.7,-1511.3,0,7.6415e+05,-0.22021,642.5,,0.849,0.849,0.3,0
128.95,7.4037e+07,1.3776,7052.7,-1511.3,0,7.6415e+05,-0.22021,642.5,,0.85,0.85,0.3,0
128.95,7.4037e+07,1.3776,7052.7,-1511.3,0,7.6415e+05,-0.22021,642.5,,0.851,0.851,0.3,0
128.95,7.4037e+07,1.3776,7052.7,-1511.3,0,7.6415e+05,-0.22021,642.5,,0.852,0.852,0.3,0
128.95,7.4037e+07,1.3776,7052.7,-1511.3,0,7.6415e+05,-0.22021,642.5,,0.853,0.853,0.3,0
128.95,7.4037e+07,1.3776,7052.7,-1511.3,0,7.6415e+05,-0.22021,642.5,,0.854,0.854,0.3,0
128.95,7.4037e+07,1.3776,7052.7,-1511.3,0,7.6415e+05,-0.22021,642.5,,0.855,0.855,0.3,0
128.95,7.4037e+07,1.3776,7052.8,-1511.3,0,7.6415e+05,-0.22021,642.5,,0.856,0.856,0.3,0
128.95,7.4037e+07,1.3776,7052.8,-1511.3,0,7.6415e+05,-0.22021,642.5,,0.857,0.857,0.3,0
128.95,7.4037e+07,1.3776,7052.8,-1511.3,0,7.6415e+05,-0.22021,642.5,,0.858,0.858,0.3,0
128.95,7.4037e+07,1.3776,7052.8,-1511.3,0,7.6415e+05,-0.22021,642.5,,0.859,0.859,0.3,0
128.95,7.4037e+07,1.3776,7052.8,-1511.4,0,7.6415e+05,-0.22021,642.5,,0.86,0.86,0.3,0
128.95,7.4037e+07,1.3776,7052.8,-1511.4,0,7.6415e+05,-0.22021,642.5,,0.861,0.861,0.3,0
128.95,7.4037e+07,1.3776,7052.8,-1511.4,0,7.6415e+05,-0.22021,642.5,,0.862,0.862,0.3,0
128.95,7.4037e+07,1.3776,7052.8,-1511.4,0,7.6415e+05,-0.22021,642.5,,0.863,0.863,0.3,0
128.95,7.4037e+07,1.3776,7052.8,-1511.4,0,7.6415e+05,-0.22021,642.5,,0.864,0.864,0.3,0
128.95,7.4037e+07,1.3776,7052.8,-1511.4,0,7.6415e+05,-0.22021,642.5,,0.865,0.865,0.3,0
128.95,7.4037e+07,1.3776,7052.8,-1511.4,0,7.6415e+05,-0.22021,642.5,,0.866,0.866,0.3,0
128.95,7.4037e+07,1.3776,7052.8,-1511.4,0,7.6415e+05,-0.22021,642.5,,0.867,0.867,0.3,0
128.95,7.4037e+07,1.3776,7052.8,-1511.4,0,7.6415e+05,-0.22021,642.5,,0.868,0.868,0.3,0
128.95,7.4037e+07,1.3776,7052.8,-1511.4,0,7.6415e+05,-0.22021,642.5,,0.869,0.869,0.3,0
128.95,7.4037e+07,1.3776,7052.8,-1511.4,0,7.6415e+05,-0.22021,642.5,,0.87,0.87,0.3,0
128.95,7.4037e+07,1.3776,7052.8,-1511.4,0,7.6415e+05,-0.22021,642.5,,0.871,0.871,0.3,0
128.95,7.4037e+07,1.3776,7052.8,-1511.4,0,7.6415e+05,-0.22021,642.5,,0.872,0.872,0.3,0
128.95,7.4037e+07,1.3776,7052.8,-1511.4,0,7.6415e+05,-0.22021,642.5,,0.873,0.873,0.3,0
128.95,7.4037e+07,1.3776,7052.8,-1511.4,0,7.6415e+05,-0.22021,642.5,,0.874,0.874,0.3,0
128.95,7.4037e+07,1.3776,7052.8,-1511.4,0,7.6415e+05,-0.22021,642.5,,0.875,0.875,0.3,0
128.95,7.4037e+07,1.3776,7052.8,-1511.4,0,7.6415e+05,-0.22021,642.5,,0.876,0.876,0.3,0
128.95,7.4037e+07,1.3776,7052.8,-1511.4,0,7.6415e+05,-0.22021,642.5,,0.877,0.877,0.3,0
128.95,7.4037e+07,1.3776,7052.8,-1511.4,0,7.6415e+05,-0.22021,642.5,,0.878,0.878,0.3,0
128.95,7.4037e+07,1.3776,7052.8,-1511.4,0,7.6415e+05,-0.22021,642.5,,0.879,0.879,0.3,0
128.95,7.4037e+07,1.3776,7052.8,-1511.4,0,7.6415e+05,-0.22021,642.5,,0.88,0.88,0.3,0
128.95,7.4037e+07,1.3776,7052.8,-1511.4,0,7.6415e+05,-0.22021,642.5,,0.881,0.881,0.3,0
128.95,7.4037e+07,1.3776,7052.8,-1511.4,0,7.6415e+05,-0.22021,642.5,,0.882,0.882,0.3,0
128.95,7.4037e+07,1.3776,7052.8,-1511.4,0,7.6415e+05,-0.22021,642.5,,0.883,0.883,0.3,0
128.95,7.4037e+07,1.3776,7052.8,-1511.4,0,7.6415e+05,-0.22021,642.5,,0.884,0.884,0.3,0
128.95,7.4037e+07,1.3776,7052.8,-1511.4,0,7.6415e+05,-0.22021,642.5,,0.885,0.885,0.3,0
128.95,7.4037e+07,1.3776,7052.8,-1511.4,0,7.6415e+05,-0.22021,642.5,,0.886,0.886,0.3,0
128.95,7.4037e+07,1.3776,7052.8,-1511.4,0,7.6415e+05,-0.22021,642.5,,0.887,0.887,0.3,0
128.95,7.4037e+07,1.3776,7052.8,-1511.4,0,7.6415e+05,-0.22021,642.5,,0.888,0.888,0.3,0
128.95,7.4037e+07,1.3776,7052.8,-1511.4,0,7.6415e+05,-0.22021,642.5,,0.889,0.889,0.3,0
128.95,7.4037e+07,1.3776,7052.8,-1511.3,0,7.6415e+05,-0.22021,642.5,,0.89,0.89,0.3,0
128.95,7.4037e+07,1.3776,7052.8,-1511.3,0,7.6415e+05,-0.22021,642.5,,0.891,0.891,0.3,0
128.95,7.4037e+07,1.3776,7052.8,-1511.3,0,7.6415e+05,-0.22021,642.5,,0.892,0.892,0.3,0
128.95,7.4037e+07,1.3776,7052.8,-1511.3,0,7.6415e+05,-0.22021,642.5,,0.893,0.893,0.3,0
128.95,7.4037e+07,1.3776,7052.8,-1511.3,0,7.6415e+05,-0.22022,642.5,,0.894,0.894,0.3,0
128.95,7.4037e+07,1.3776,7052.8,-1511.3,0,7.6415e+05,-0.22022,642.5,,0.895,0.895,0.3,0
128.95,7.4037e+07,1.3776,7052.8,-1511.3,0,7.6415e+05,-0.22022,642.5,,0.896,0.896,0.3,0
128.95,7.4037e+07,1.3776,7052.8,-1511.3,0,7.6415e+05,-0.22022,642.5,,0.897,0.897,0.3,0
128.95,7.4037e+07,1.3776,7052.8,-1511.3,0,7.6415e+05,-0.22022,642.5,,0.898,0.898,0.3,0
128.95,7.4037e+07,1.3776,7052.8,-1511.3,0,7.6415e+05,-0.22022,642.5,,0.899,0.899,0.3,0
128.95,7.4037e+07,1.3776,7052.8,-1511.3,0,7.6415e+05,-0.22022,642.5,,0.9,0.9,0.3,0
128.95,7.4037e+07,1.3776,7052.8,-1511.3,0,7.6415e+05,-0.22022,642.5,,0.901,0.901,0.3,0
128.95,7.4037e+07,1.3776,7052.8,-1511.3,0,7.6415e+05,-0.22022,642.5,,0.902,0.902,0.3,0
128.95,7.4036e+07,1.3776,7052.8,-1511.3,0,7.6415e+05,-0.22022,642.5,,0.903,0.903,0.3,0
128.95,7.4036e+07,1.3776,7052.8,-1511.3,0,7.6415e+05,-0.22022,642.5,,0.904,0.904,0.3,0
128.95,7.4036e+07,1.3776,7052.8,-1511.3,0,7.6415e+05,-0.22022,642.5,,0.905,0.905,0.3,0
128.95,7.4036e+07,1.3776,7052.8,-1511.3,0,7.6415e+05,-0.22022,642.5,,0.906,0.906,0.3,0
128.95,7.4036e+07,1.3776,7052.8,-1511.3,0,7.6415e+05,-0.22022,642.5,,0.907,0.907,0.3,0
128.95,7.4036e+07,1.3776,7052.8,-1511.3,0,7.6415e+05,-0.22022,642.5,,0.908,0.908,0.3,0
128.95,7.4036e+07,1.3776,7052.8,-1511.3,0,7.6415e+05,-0.22022,642.5,,0.909,0.909,0.3,0
128.95,7.4036e+07,1.3776,7052.8,-1511.3,0,7.6415e+05,-0.22022,642.5,,0.91,0.91,0.3,0
128.95,7.4036e+07,1.3776,7052.8,-1511.3,0,7.6415e+05,-0.22022,642.5,,0.911,0.911,0.3,0
128.95,7.4036e+07,1.3776,7052.8,-1511.3,0,7.6415e+05,-0.22022,642.5,,0.912,0.912,0.3,0
128.95,7.4036e+07,1.3776,7052.8,-1511.3,0,7.6415e+05,-0.22022,642.5,,0.913,0.913,0.3,0
128.95,7.4036e+07,1.3776,7052.8,-1511.3,0,7.6415e+05,-0.22022,642.5,,0.914,0.914,0.3,0
128.95,7.4036e+07,1.3776,7052.8,-1511.3,0,7.6415e+05,-0.22022,642.5,,0.915,0.915,0.3,0
128.95,7.4036e+07,1.3776,7052.8,-1511.3,0,7.6415e+05,-0.22022,642.5,,0.916,0.916,0.3,0
128.95,7.4036e+07,1.3776,7052.8,-1511.3,0,7.6415e+05,-0.22022,642.5,,0.917,0.917,0.3,0
128.95,7.4036e+07,1.3776,7052.8,-1511.3,0,7.6415e+05,-0.22022,642.5,,0.918,0.918,0.3,0
128.95,7.4036e+07,1.3776,7052.8,-1511.3,0,7.6415e+05,-0.22022,642.5,,0.919,0.919,0.3,0
128.95,7.4036e+07,1.3776,7052.8,-1511.3,0,7.6415e+05,-0.22022,642.5,,0.92,0.92,0.3,0
128.95,7.4036e+07,1.3776,7052.8,-1511.3,0,7.6415e+05,-0.22022,642.5,,0.921,0.921,0.3,0
128.95,7.4036e+07,1.3776,7052.8,-1511.3,0,7.6415e+05,-0.22022,642.5,,0.922,0.922,0.3,0
128.95,7.4036e+07,1.3776,7052.8,-1511.3,0,7.6415e+05,-0.22022,642.5,,0.923,0.923,0.3,0
128.95,7.4036e+07,1.3776,7052.8,-1511.3,0,7.6415e+05,-0.22022,642.5,,0.924,0.924,0.3,0
128.95,7.4036e+07,1.3776,7052.8,-1511.3,0,7.6415e+05,-0.22022,642.5,,0.925,0.925,0.3,0
128.95,7.4036e+07,1.3776,7052.8,-1511.3,0,7.6415e+05,-0.22022,642.5,,0.926,0.926,0.3,0
128.95,7.4036e+07,1.3776,7052.8,-1511.3,0,7.6415e+05,-0.22023,642.5,,0.927,0.927,0.3,0
128.95,7.4036e+07,1.3776,7052.8,-1511.3,0,7.6415e+05,-0.22023,642.5,,0.928,0.928,0.3,0
128.95,7.4036e+07,1.3776,7052.8,-1511.3,0,7.6415e+05,-0.22023,642.5,,0.929,0.929,0.3,0
128.95,7.4036e+07,1.3776,7052.8,-1511.3,0,7.6415e+05,-0.22023,642.5,,0.93,0.93,0.3,0
128.95,7.4036e+07,1.3776,7052.8,-1511.3,0,7.6415e+05,-0.22023,642.5,,0.931,0.931,0.3,0
128.95,7.4036e+07,1.3776,7052.8,-1511.3,0,7.6415e+05,-0.22023,642.5,,0.932,0.932,0.3,0
128.95,7.4036e+07,1.3776,7052.8,-1511.3,0,7.6415e+05,-0.22023,642.5,,0.933,0.933,0.3,0
128.95,7.4036e+07,1.3776,7052.8,-1511.3,0,7.6415e+05,-0.22023,642.5,,0.934,0.934,0.3,0
128.95,7.4036e+07,1.3776,7052.8,-1511.3,0,7.6415e+05,-0.22023,642.5,,0.935,0.935,0.3,0
128.95,7.4035e+07,1.3776,7052.8,-1511.3,0,7.6414e+05,-0.22023,642.5,,0.936,0.936,0.3,0
128.95,7.4035e+07,1.3776,7052.8,-1511.3,0,7.6414e+05,-0.22023,642.5,,0.937,0.937,0.3,0
128.95,7.4035e+07,1.3776,7052.8,-1511.3,0,7.6414e+05,-0.22023,642.5,,0.938,0.938,0.3,0
128.95,7.4035e+07,1.3776,7052.8,-1511.3,0,7.6414e+05,-0.22023,642.5,,0.939,0.939,0.3,0
128.95,7.4035e+07,1.3776,7052.8,-1511.3,0,7.6414e+05,-0.22023,642.5,,0.94,0.94,0.3,0
128.95,7.4035e+07,1.3776,7052.8,-1511.2,0,7.6414e+05,-0.22023,642.5,,0.941,0.941,0.3,0
128.95,7.4035e+07,1.3776,7052.8,-1511.2,0,7.6414e+05,-0.22023,642.5,,0.942,0.942,0.3,0
128.95,7.4035e+07,1.3776,7052.8,-1511.2,0,7.6414e+05,-0.22023,642.5,,0.943,0.943,0.3,0
128.95,7.4035e+07,1.3776,7052.8,-1511.2,0,7.6414e+05,-0.22023,642.5,,0.944,0.944,0.3,0
128.95,7.4035e+07,1.3776,7052.8,-1511.2,0,7.6414e+05,-0.22023,642.5,,0.945,0.945,0.3,0
128.95,7.4035e+07,1.3776,7052.8,-1511.2,0,7.6414e+05,-0.22023,642.5,,0.946,0.946,0.3,0
128.95,7.4035e+07,1.3776,7052.8,-1511.2,0,7.6414e+05,-0.22023,642.5,,0.947,0.947,0.3,0
128.95,7.4035e+07,1.3776,7052.8,-1511.2,0,7.6414e+05,-0.22023,642.5,,0.948,0.948,0.3,0
128.95,7.4035e+07,1.3776,7052.8,-1511.2,0,7.6414e+05,-0.22023,642.5,,0.949,0.949,0.3,0
128.95,7.4035e+07,1.3776,7052.8,-1511.2,0,7.6414e+05,-0.22023,642.5,,0.95,0.95,0.3,0
128.95,7.4035e+07,1.3776,7052.8,-1511.2,0,7.6414e+05,-0.22023,642.5,,0.951,0.951,0.3,0
128.95,7.4035e+07,1.3776,7052.8,-1511.2,0,7.6414e+05,-0.22023,642.5,,0.952,0.952,0.3,0
128.95,7.4035e+07,1.3776,7052.8,-1511.2,0,7.6414e+05,-0.22023,642.5,,0.953,0.953,0.3,0
128.95,7.4035e+07,1.3776,7052.8,-1511.2,0,7.6414e+05,-0.22023,642.5,,0.954,0.954,0.3,0
128.95,7.4035e+07,1.3776,7052.8,-1511.2,0,7.6414e+05,-0.22023,642.5,,0.955,0.955,0.3,0
128.95,7.4035e+07,1.3776,7052.8,-1511.2,0,7.6414e+05,-0.22023,642.5,,0.956,0.956,0.3,0
128.95,7.4035e+07,1.3776,7052.8,-1511.2,0,7.6414e+05,-0.22023,642.5,,0.957,0.957,0.3,0
128.95,7.4035e+07,1.3776,7052.8,-1511.2,0,7.6414e+05,-0.22023,642.5,,0.958,0.958,0.3,0
128.95,7.4035e+07,1.3776,7052.8,-1511.2,0,7.6414e+05,-0.22023,642.5,,0.959,0.959,0.3,0
128.95,7.4035e+07,1.3776,7052.8,-1511.2,0,7.6414e+05,-0.22023,642.5,,0.96,0.96,0.3,0
128.95,7.4035e+07,1.3776,7052.8,-1511.2,0,7.6414e+05,-0.22023,642.5,,0.961,0.961,0.3,0
128.95,7.4035e+07,1.3776,7052.8,-1511.2,0,7.6414e+05,-0.22023,642.5,,0.962,0.962,0.3,0
128.95,7.4035e+07,1.3776,7052.8,-1511.2,0,7.6414e+05,-0.22023,642.5,,0.963,0.963,0.3,0
128.95,7.4035e+07,1.3776,7052.8,-1511.2,0,7.6414e+05,-0.22023,642.5,,0.964,0.964,0.3,0
128.95,7.4035e+07,1.3776,7052.8,-1511.2,0,7.6414e+05,-0.22023,642.5,,0.965,0.965,0.3,0
128.95,7.4035e+07,1.3776,7052.8,-1511.2,0,7.6414e+05,-0.22023,642.5,,0.966,0.966,0.3,0
128.95,7.4035e+07,1.3776,7052.8,-1511.2,0,7.6414e+05,-0.22023,642.5,,0.967,0.967,0.3,0
128.95,7.4035e+07,1.3776,7052.8,-1511.2,0,7.6414e+05,-0.22023,642.5,,0.968,0.968,0.3,0
128.95,7.4035e+07,1.3776,7052.8,-1511.2,0,7.6414e+05,-0.22023,642.5,,0.969,0.969,0.3,0
128.95,7.4035e+07,1.3776,7052.8,-1511.2,0,7.6414e+05,-0.22023,642.5,,0.97,0.97,0.3,0
128.95,7.4035e+07,1.3776,7052.8,-1511.2,0,7.6414e+05,-0.22023,642.5,,0.971,0.971,0.3,0
128.95,7.4035e+07,1.3776,7052.8,-1511.2,0,7.6414e+05,-0.22023,642.5,,0.972,0.972,0.3,0
128.95,7.4035e+07,1.3776,7052.8,-1511.2,0,7.6414e+05,-0.22023,642.5,,0.973,0.973,0.3,0
128.95,7.4035e+07,1.3776,7052.8,-1511.2,0,7.6414e+05,-0.22023,642.5,,0.974,0.974,0.3,0
128.95,7.4035e+07,1.3776,7052.8,-1511.2,0,7.6414e+05,-0.22023,642.5,,0.975,0.975,0.3,0
128.95,7.4035e+07,1.3776,7052.8,-1511.2,0,7.6414e+05,-0.22023,642.5,,0.976,0.976,0.3,0
128.95,7.4035e+07,1.3776,7052.8,-1511.2,0,7.6414e+05,-0.22023,642.5,,0.977,0.977,0.3,0
128.95,7.4035e+07,1.3776,7052.8,-1511.2,0,7.6414e+05,-0.22023,642.5,,0.978,0.978,0.3,0
128.95,7.4035e+07,1.3776,7052.8,-1511.2,0,7.6414e+05,-0.22023,642.5,,0.979,0.979,0.3,0
128.95,7.4035e+07,1.3776,7052.8,-1511.2,0,7.6415e+05,-0.22023,642.5,,0.98,0.98,0.3,0
128.95,7.4035e+07,1.3776,7052.8,-1511.2,0,7.6415e+05,-0.22023,642.5,,0.981,0.981,0.3,0
128.95,7.4035e+07,1.3776,7052.8,-1511.2,0,7.6415e+05,-0.22023,642.5,,0.982,0.982,0.3,0
128.95,7.4035e+07,1.3776,7052.8,-1511.2,0,7.6415e+05,-0.22023,642.5,,0.983,0.983,0.3,0
128.95,7.4035e+07,1.3776,7052.8,-1511.2,0,7.6415e+05,-0.22023,642.5,,0.984,0.984,0.3,0
128.95,7.4035e+07,1.3776,7052.8,-1511.2,0,7.6415e+05,-0.22023,642.5,,0.985,0.985,0.3,0
128.95,7.4035e+07,1.3776,7052.8,-1511.2,0,7.6415e+05,-0.22023,642.5,,0.986,0.986,0.3,0
128.95,7.4035e+07,1.3776,7052.8,-1511.2,0,7.6415e+05,-0.22023,642.5,,0.987,0.987,0.3,0
128.95,7.4035e+07,1.3776,7052.8,-1511.2,0,7.6415e+05,-0.22023,642.5,,0.988,0.988,0.3,0
128.95,7.4035e+07,1.3776,7052.8,-1511.2,0,7.6415e+05,-0.22023,642.5,,0.989,0.989,0.3,0
128.95,7.4036e+07,1.3776,7052.8,-1511.2,0,7.6415e+05,-0.22023,642.5,,0.99,0.99,0.3,0
128.95,7.4036e+07,1.3776,7052.8,-1511.2,0,7.6415e+05,-0.22023,642.5,,0.991,0.991,0.3,0
128.95,7.4036e+07,1.3776,7052.8,-1511.3,0,7.6415e+05,-0.22022,642.5,,0.992,0.992,0.3,0
128.95,7.4036e+07,1.3776,7052.8,-1511.3,0,7.6415e+05,-0.22022,642.5,,0.993,0.993,0.3,0
128.95,7.4036e+07,1.3776,7052.8,-1511.3,0,7.6415e+05,-0.22022,642.5,,0.994,0.994,0.3,0
128.95,7.4036e+07,1.3776,7052.8,-1511.3,0,7.6415e+05,-0.22022,642.5,,0.995,0.995,0.3,0
128.95,7.4036e+07,1.3776,7052.8,-1511.3,0,7.6415e+05,-0.22022,642.5,,0.996,0.996,0.3,0
128.95,7.4036e+07,1.3776,7052.8,-1511.3,0,7.6415e+05,-0.22022,642.5,,0.997,0.997,0.3,0
128.95,7.4036e+07,1.3776,7052.8,-1511.3,0,7.6415e+05,-0.22022,642.5,,0.998,0.998,0.3,0
128.95,7.4036e+07,1.3776,7052.8,-1511.3,0,7.6415e+05,-0.22022,642.5,,0.999,0.999,0.3,0
128.95,7.4036e+07,1.3776,7052.8,-1511.3,0,7.6415e+05,-0.22022,642.5,,1,1,0.3,0
